id,first_name,last_name,email,gender,country,salary,date_joined
1,Christophe,Pickford,cpickford0@google.fr,M,France,89430.8,2015-09-02
2,Niall,Harfleet,nharfleet1@eepurl.com,M,France,76049.33,2002-11-08
3,Slade,Goldsbury,sgoldsbury2@cyberchimps.com,M,Poland,53470.89,2019-08-05
4,Aloysius,Sutcliff,asutcliff3@1und1.de,M,Brazil,70922.48,2012-08-19
5,Walker,Nutley,wnutley4@dell.com,M,South Africa,39270.64,2005-12-22
6,Torry,Elsmore,telsmore5@delicious.com,M,France,43004.5,2002-04-05
7,Chase,Dimmick,cdimmick6@bravesites.com,M,Brazil,47578.88,2005-06-27
8,Chiarra,Cheales,ccheales7@cam.ac.uk,F,Poland,75728.53,2002-06-11
9,Auberta,Fisby,afisby8@rakuten.co.jp,F,Poland,62292.49,2012-03-16
10,Hinze,Andrat,handrat9@state.tx.us,M,Brazil,65695.53,2021-12-26
11,Hamnet,Raimbauld,hraimbaulda@stumbleupon.com,M,South Korea,85092.39,2018-08-09
12,Cody,Addeycott,caddeycottb@sciencedaily.com,M,Australia,59965.82,2019-04-08
13,Temp,Dienes,tdienesc@addthis.com,M,Poland,86324.71,2004-05-08
14,Cecilia,Staddom,cstaddomd@4shared.com,F,Poland,70748.81,2016-10-23
15,Yancy,Leipold,yleipolde@t-online.de,M,United States,17194.37,2005-04-12
16,Pembroke,Roskrug,proskrugf@auda.org.au,M,United States,33842.25,
17,Shaina,Wrotchford,swrotchfordg@intel.com,F,United States,30008.85,2016-08-02
18,Lovell,Russo,lrussoh@usda.gov,M,Poland,40522.55,2021-03-14
19,Karalynn,Basire,kbasirei@uol.com.br,F,Brazil,84714.58,2002-11-12
20,Mallissa,Davison,mdavisonj@printfriendly.com,F,Argentina,77874.96,2012-08-15
21,Theo,Gummie,tgummiek@thetimes.co.uk,M,Hungary,18814.13,2022-03-23
22,Danny,Gersam,dgersaml@sun.com,M,France,20314.41,2008-04-02
23,Ramsey,Thrustle,rthrustlem@ox.ac.uk,M,Japan,79221.08,2018-01-05
24,Janean,Brunt,jbruntn@wisc.edu,F,Poland,55756.84,2024-09-08
25,Ingar,Lanchbury,ilanchburyo@chronoengine.com,M,France,47997.36,2013-08-29
26,Gabbie,Jehan,gjehanp@wikimedia.org,M,Japan,42446.37,2011-04-10
27,Hermy,Taylot,htaylotq@cnbc.com,M,United States,82973.49,2019-01-07
28,Gael,Strethill,gstrethillr@weather.com,M,Finland,19450.78,2004-09-03
29,Catarina,McMurthy,cmcmurthys@taobao.com,F,Japan,79759.42,2008-08-27
30,Lorette,Molnar,lmolnart@about.me,F,Germany,83440.63,2012-10-02
31,Valentin,Keneford,vkenefordu@aboutads.info,M,France,52279.96,2007-11-10
32,Kristofer,Lindenman,klindenmanv@google.com.au,M,Japan,31801.53,2015-09-05
33,Samuel,Nazer,snazerw@desdev.cn,M,Brazil,64075.87,2018-11-05
34,Carena,Aglione,caglionex@nsw.gov.au,F,Brazil,53045.02,2017-01-03
35,Dallas,McDermott-Row,dmcdermottrowy@ihg.com,F,Poland,69047.46,2005-03-19
36,Ardra,Mound,amoundz@cbsnews.com,F,Brazil,71857.98,2012-08-04
37,Paco,Breissan,pbreissan10@paypal.com,M,Brazil,16942.3,2012-03-18
38,Emmerich,Maharey,emaharey11@japanpost.jp,M,South Africa,29803.01,2011-05-18
39,Derby,Freebury,dfreebury12@mashable.com,M,France,59838.59,2002-09-08
40,Salomon,Leamy,sleamy13@mashable.com,M,Argentina,88105.35,2016-04-21
41,Eadmund,McEvay,emcevay14@homestead.com,M,Brazil,21391.5,2004-12-13
42,Clarisse,Clewley,cclewley15@xing.com,F,Egypt,27693.27,2003-09-12
43,Caterina,Calverd,ccalverd16@disqus.com,F,France,22077.39,2006-10-02
44,Shandee,Goodbody,sgoodbody17@cloudflare.com,F,South Korea,44110.87,2013-11-09
45,Mikel,Strewther,mstrewther18@meetup.com,M,Argentina,91988.83,2018-08-20
46,Teador,Lipscombe,tlipscombe19@plala.or.jp,M,France,17188.67,2023-07-08
47,Zara,Courtman,zcourtman1a@usgs.gov,F,United States,70762.7,2003-09-04
48,Emelita,Tripony,etripony1b@ibm.com,F,Brazil,,2021-06-14
49,Riannon,Kimbury,rkimbury1c@typepad.com,F,Brazil,47862.24,2016-04-25
50,Amber,Sandever,asandever1d@cnbc.com,F,Poland,15516.3,2011-09-09
51,Joly,Binstead,jbinstead1e@engadget.com,F,Argentina,25014.12,2019-05-23
52,Kylie,Scolli,kscolli1f@newsvine.com,F,Brazil,48310.05,2017-10-13
53,Stefano,Tingly,stingly1g@youku.com,M,Brazil,11638.94,2005-10-01
54,Rog,Shawe,rshawe1h@opensource.org,M,Brazil,38413.15,2019-05-30
55,Winna,Redington,wredington1i@apple.com,F,Argentina,85966.34,2014-12-26
56,Ilka,Ten Broek,itenbroek1j@jalbum.net,F,France,57902.77,2010-07-02
57,Monah,Lantaph,mlantaph1k@com.com,F,France,69674.75,2010-12-18
58,Nealy,Bools,nbools1l@over-blog.com,M,Brazil,73013.56,2016-12-26
59,Miltie,Dade,mdade1m@mac.com,M,Finland,34822.56,2014-04-12
60,Roderic,Secret,rsecret1n@photobucket.com,M,United States,68073.96,2019-01-23
61,Iris,Setford,isetford1o@chicagotribune.com,F,United States,39698.82,2022-04-03
62,Marla,Dunmuir,mdunmuir1p@cargocollective.com,F,Argentina,10113.26,2022-11-03
63,Colver,Lipscomb,clipscomb1q@lycos.com,M,France,74845.35,2002-04-13
64,Mildrid,Fetherston,mfetherston1r@ibm.com,F,Canada,79202.43,2003-05-29
65,Heriberto,Madsen,hmadsen1s@acquirethisname.com,M,France,87152.75,2006-05-14
66,Tressa,Glendining,tglendining1t@japanpost.jp,F,Brazil,23115.71,2013-02-12
67,Johnnie,Eales,jeales1u@cam.ac.uk,M,Finland,78976.4,2016-08-04
68,Tito,Chavez,tchavez1v@ed.gov,M,Poland,62333.5,2014-08-24
69,Celene,Ledwith,,F,Poland,80443.12,2007-03-26
70,Hiram,Crankhorn,hcrankhorn1x@clickbank.net,M,France,25440.8,2020-12-19
71,Skipp,Faull,sfaull1y@ask.com,M,Poland,91961.34,2011-12-01
72,Jeffrey,Rettie,jrettie1z@umn.edu,M,Brazil,41153.74,2004-06-26
73,Kalvin,Nicholas,knicholas20@indiatimes.com,M,Norway,13155.85,2022-01-30
74,Marjie,Grenshiels,mgrenshiels21@so-net.ne.jp,F,Brazil,39092.98,2019-04-20
75,Miller,Balassi,mbalassi22@ed.gov,M,South Korea,57593.3,2014-03-20
76,Donnajean,L'Amie,dlamie23@wikimedia.org,F,Brazil,64775.4,2011-09-29
77,Robinet,Nagle,rnagle24@technorati.com,M,France,52450.5,2019-05-23
78,Mireille,Dashper,mdashper25@abc.net.au,F,United States,78393.9,2017-08-27
79,Leigh,Bussell,lbussell26@gov.uk,M,Norway,19176.95,2010-12-20
80,Washington,McPake,wmcpake27@nhs.uk,M,Brazil,14987.4,2002-08-29
81,Alfie,Lathe,alathe28@indiegogo.com,F,Egypt,49621.25,2013-11-24
82,Josh,Dicken,jdicken29@cdc.gov,M,United States,27131.54,2014-12-19
83,Gaby,Payler,gpayler2a@umn.edu,M,Poland,91778.07,2011-12-31
84,Warden,Hanretty,whanretty2b@list-manage.com,M,France,15854.05,2018-10-08
85,Katinka,Rannie,krannie2c@diigo.com,F,Brazil,20025.67,2002-05-20
86,Lennie,Scorton,lscorton2d@merriam-webster.com,M,South Korea,84351.98,2016-04-09
87,Grenville,Sawl,gsawl2e@cloudflare.com,M,Poland,42871.2,2022-06-13
88,Milty,Lavall,mlavall2f@mlb.com,M,Canada,67597.42,2024-03-10
89,Karlan,Grimster,kgrimster2g@cornell.edu,M,France,33765.89,2018-08-27
90,Bo,Wissbey,bwissbey2h@cnet.com,M,France,38900.07,2020-11-14
91,Gothart,Klemps,gklemps2i@icq.com,M,Canada,70266.77,2022-05-18
92,Talyah,enzley,tenzley2j@ucoz.com,F,Brazil,15331.43,2010-03-18
93,Mirabella,Rootham,mrootham2k@ca.gov,F,France,65043.11,2022-02-02
94,Cynde,Alsford,calsford2l@samsung.com,F,Brazil,16342.57,2024-04-12
95,Shay,Dupoy,sdupoy2m@com.com,F,Poland,60473.82,2008-04-09
96,Jack,Quaife,jquaife2n@adobe.com,M,Canada,79120.91,2019-08-26
97,Maridel,Witter,mwitter2o@yahoo.co.jp,F,South Korea,86803.5,2024-01-17
98,Abra,Barszczewski,abarszczewski2p@wikipedia.org,F,United States,30453.16,2006-08-05
99,Tan,Drillot,tdrillot2q@com.com,M,France,43718.88,2017-07-04
100,Farly,Algy,falgy2r@sbwire.com,M,Poland,77454.79,2008-05-20
101,Galen,Frail,gfrail2s@yahoo.co.jp,M,Brazil,20824.4,2010-10-20
102,Jordana,Casale,jcasale2t@mac.com,F,Brazil,80736.81,2018-03-08
103,Ali,Slide,aslide2u@tripadvisor.com,M,Japan,81942.11,2002-06-25
104,Alanah,Weine,aweine2v@qq.com,F,Poland,36109.51,2006-10-14
105,Lucita,Hanwell,lhanwell2w@php.net,F,Argentina,16055.73,2007-01-29
106,Ody,Sher,osher2x@skype.com,M,Brazil,91350.12,2018-03-26
107,Basile,Hampshaw,bhampshaw2y@yahoo.com,M,France,76928.43,2012-06-26
108,Constancia,Forgan,cforgan2z@google.ca,F,Poland,14434.58,2023-09-22
109,Lydon,Carder,lcarder30@51.la,M,United States,41871.44,2018-06-03
110,Tedman,Larratt,tlarratt31@tumblr.com,M,Brazil,54754.43,2019-09-02
111,Valentino,Glenfield,vglenfield32@shutterfly.com,M,Norway,54171.84,2006-09-07
112,Rutherford,Selley,rselley33@census.gov,M,United States,59426.61,2007-12-30
113,Claiborne,O'Dare,codare34@sun.com,M,United States,41396.98,2004-05-31
114,Andres,Cadalleder,acadalleder35@nbcnews.com,M,France,83943.9,2003-07-31
115,Merrile,Domegan,mdomegan36@wordpress.org,F,France,23839.54,2014-03-16
116,Cullin,Frensche,cfrensche37@google.ru,M,Brazil,38808.25,2009-08-11
117,Caryn,Cappleman,ccappleman38@businessinsider.com,F,Japan,,2008-11-11
118,Kameko,Duhig,kduhig39@ebay.com,F,Poland,85632.56,2019-06-28
119,Dorothee,Grahlman,dgrahlman3a@google.co.uk,F,France,,2021-11-16
120,Hoyt,Hudspeth,hhudspeth3b@fotki.com,M,Brazil,54370.39,2002-07-12
121,Zelig,Ivankin,zivankin3c@icq.com,M,France,35199.7,2020-03-18
122,Garey,Muck,gmuck3d@163.com,M,South Africa,91383.44,2021-02-06
123,Ruthanne,Reah,rreah3e@wordpress.com,F,United States,66553.98,2013-09-12
124,Ricki,Delong,rdelong3f@stanford.edu,M,Hungary,61262.78,2023-07-27
125,Brenn,Montgomery,bmontgomery3g@xing.com,F,Japan,86841.29,2019-11-18
126,Maressa,Anstey,manstey3h@yale.edu,F,Brazil,58856.36,2011-07-06
127,Caprice,Cutbirth,ccutbirth3i@ftc.gov,F,Poland,59391.99,2016-11-22
128,Ludwig,Skilton,lskilton3j@imdb.com,M,Poland,84471.4,2004-11-22
129,Marjie,Bulfoy,mbulfoy3k@sbwire.com,F,Poland,21807.86,2023-08-31
130,Pattie,MacCleay,pmaccleay3l@merriam-webster.com,F,France,82417.76,2010-09-30
131,Arlen,Pratley,apratley3m@tmall.com,M,United States,66141.35,2024-07-01
132,Mikael,Labusquiere,mlabusquiere3n@nymag.com,M,Norway,60657.66,2007-11-16
133,Ashlee,Gini,agini3o@sciencedirect.com,F,United States,52970.03,2024-03-01
134,Olag,Mahy,omahy3p@myspace.com,M,United States,31987.06,2005-08-04
135,Basil,Zisneros,bzisneros3q@census.gov,M,United States,69651.83,2013-02-28
136,Kissie,Frenchum,kfrenchum3r@unicef.org,F,Brazil,34625.45,2009-06-05
137,Vivyan,MacPake,vmacpake3s@domainmarket.com,F,Poland,17183.39,2020-06-30
138,Alfy,Greder,agreder3t@friendfeed.com,M,Brazil,14350.49,2014-10-15
139,Natty,Riddock,nriddock3u@1und1.de,F,Finland,55506.84,2019-04-28
140,Jodie,de Voiels,jdevoiels3v@friendfeed.com,M,Switzerland,29016.13,2002-05-17
141,Ertha,Scarre,escarre3w@census.gov,F,Finland,30830.26,2007-04-28
142,Erika,Sember,esember3x@pbs.org,F,United States,13809.82,2013-12-20
143,Elyssa,Brim,ebrim3y@163.com,F,United Kingdom,48794.76,2002-05-04
144,Doretta,Slopier,dslopier3z@chicagotribune.com,F,Japan,18500.27,2009-06-26
145,Opaline,Ugolini,ougolini40@time.com,F,South Korea,61302.03,2014-12-15
146,Cordelia,Handley,chandley41@wsj.com,F,Brazil,11627.3,2023-11-18
147,Alic,Gosby,agosby42@nba.com,M,United Kingdom,31660.82,2019-09-29
148,Rudy,Wagerfield,rwagerfield43@miibeian.gov.cn,M,United States,20081.15,2008-09-07
149,Minta,Kealey,mkealey44@admin.ch,F,France,55581.91,2009-06-30
150,Jamie,Lechmere,jlechmere45@123-reg.co.uk,M,Finland,33215.13,2018-10-21
151,Maynard,Mityashev,mmityashev46@nhs.uk,M,Brazil,14212.94,2013-12-08
152,Blaine,Cawsby,bcawsby47@npr.org,M,Japan,10032.9,2007-04-15
153,Cammi,Addionisio,caddionisio48@liveinternet.ru,F,Brazil,35882.48,2004-11-26
154,Vanny,Glanton,vglanton49@miitbeian.gov.cn,F,Brazil,71222.89,2023-06-26
155,Noam,Muncey,nmuncey4a@uiuc.edu,M,Poland,49567.16,2008-05-02
156,Georgiana,Bennington,gbennington4b@unblog.fr,F,Poland,23527.31,2015-07-08
157,Pippo,Coe,pcoe4c@hc360.com,M,South Africa,82673.47,2019-01-18
158,Eward,Tremethack,etremethack4d@tumblr.com,M,Poland,52531.79,2024-09-07
159,Amelita,Mosdall,amosdall4e@icio.us,F,Finland,86639.54,2021-04-18
160,Cecil,Turfrey,cturfrey4f@independent.co.uk,M,Brazil,42019.86,2015-11-02
161,Madlin,Mahood,mmahood4g@typepad.com,F,Brazil,79018.38,2008-04-27
162,Fernandina,Bourdis,fbourdis4h@theatlantic.com,F,Canada,18500.83,2024-04-08
163,Claus,Starmer,cstarmer4i@networkadvertising.org,M,Japan,89824.9,2002-12-02
164,Franklin,Fawdrie,ffawdrie4j@nhs.uk,M,United States,30041.1,2005-09-06
165,Sandra,Shetliff,sshetliff4k@xing.com,F,Hungary,12253.0,2007-03-21
166,Rozamond,Vincent,rvincent4l@bing.com,F,Poland,79768.79,2019-05-29
167,Carmon,Kondrachenko,ckondrachenko4m@blogspot.com,F,United States,45291.69,2015-04-24
168,Maurita,Malin,mmalin4n@symantec.com,F,France,58218.79,2010-06-24
169,Thorstein,Hainge,thainge4o@imgur.com,M,Canada,13138.87,2009-04-10
170,Tracey,Simcoe,tsimcoe4p@technorati.com,F,Brazil,19702.72,2016-01-04
171,Michaela,Gavrielly,mgavrielly4q@cam.ac.uk,F,Poland,89315.58,2008-09-17
172,Ramona,Gladman,rgladman4r@prweb.com,F,Argentina,10561.39,2017-02-05
173,Jeannine,Kment,jkment4s@nih.gov,F,Brazil,78759.81,2009-08-23
174,Lin,Peyes,lpeyes4t@tumblr.com,F,Poland,60202.02,2020-05-26
175,Seka,Shilliday,sshilliday4u@dmoz.org,F,Brazil,83878.21,2010-07-24
176,Danielle,Drowsfield,ddrowsfield4v@imageshack.us,F,France,11349.29,2011-04-28
177,Brynne,Sebert,bsebert4w@go.com,F,United Kingdom,21198.83,2010-02-21
178,Derk,De Avenell,ddeavenell4x@tumblr.com,M,United States,31256.5,2010-01-09
179,Harlene,Itzakson,hitzakson4y@timesonline.co.uk,F,Brazil,14345.07,2015-05-29
180,North,Beamson,nbeamson4z@g.co,M,Argentina,14911.25,2008-12-24
181,Jesus,Peasgood,jpeasgood50@ebay.com,M,Norway,30924.36,2009-11-20
182,Alexander,Menel,amenel51@bizjournals.com,M,Argentina,16634.78,2003-02-12
183,Kurtis,Coolahan,kcoolahan52@weebly.com,M,Japan,86387.88,2021-05-09
184,Ronda,Colebeck,rcolebeck53@elegantthemes.com,F,Japan,55565.21,2008-10-16
185,Nathalie,Dank,ndank54@amazon.de,F,France,50912.53,2022-09-15
186,Stanislas,Abbison,sabbison55@narod.ru,M,Brazil,46690.5,2010-03-24
187,Walker,Firmager,wfirmager56@whitehouse.gov,M,France,20740.6,2013-04-16
188,Luciano,Salvador,lsalvador57@addthis.com,M,Poland,76258.33,2003-08-25
189,Lanette,Blackaller,lblackaller58@yandex.ru,F,France,60351.93,2018-07-11
190,Donella,Timlin,dtimlin59@squarespace.com,F,Norway,75131.81,2020-06-04
191,Vi,Chirm,vchirm5a@wordpress.com,F,United States,78873.71,2016-01-18
192,Joana,Zoppie,jzoppie5b@biblegateway.com,F,United States,60662.7,2019-08-29
193,Sebastian,Fordham,sfordham5c@homestead.com,M,Poland,46799.54,2011-09-26
194,Amby,Stitson,astitson5d@mac.com,M,United States,83334.69,2005-07-03
195,Gwynne,Woolmington,gwoolmington5e@hatena.ne.jp,F,Germany,86611.06,2005-05-13
196,Sarene,Appleyard,sappleyard5f@army.mil,F,Norway,19099.94,2007-10-12
197,Fidelio,Uppett,fuppett5g@domainmarket.com,M,Canada,60560.78,2004-06-24
198,Eadith,Baggott,ebaggott5h@irs.gov,F,France,10670.57,2014-10-20
199,Jeff,Senechell,jsenechell5i@delicious.com,M,Brazil,51280.54,2010-11-22
200,Doloritas,Murgatroyd,dmurgatroyd5j@tmall.com,F,Canada,47657.61,2005-07-31
201,Adrien,Hodgins,ahodgins5k@newsvine.com,M,United States,69234.27,2007-07-25
202,Norry,Gregoratti,ngregoratti5l@yolasite.com,M,Poland,52238.05,2022-11-07
203,Lianna,Ayris,layris5m@tinypic.com,F,Poland,33255.93,2020-10-30
204,Neel,Hurren,nhurren5n@liveinternet.ru,M,Finland,58597.5,2002-04-08
205,Hana,Durrans,hdurrans5o@hc360.com,F,South Korea,61090.92,2006-07-01
206,Gerald,Cleen,gcleen5p@economist.com,M,Japan,30389.65,2015-12-14
207,Adrienne,Staddom,astaddom5q@addthis.com,F,Poland,27846.19,2014-10-17
208,Orson,Timmermann,otimmermann5r@thetimes.co.uk,M,Poland,81227.82,2013-06-23
209,Fee,Kensington,fkensington5s@prnewswire.com,M,France,45484.37,2004-05-17
210,Nobe,Keble,nkeble5t@etsy.com,M,South Korea,16037.98,2012-12-30
211,Christie,Pounds,cpounds5u@cnbc.com,M,Argentina,52304.54,2006-02-14
212,Donavon,Belasco,dbelasco5v@issuu.com,M,Poland,38941.52,2012-12-10
213,Vicki,Purver,vpurver5w@devhub.com,F,Poland,46013.71,2014-03-07
214,Gerta,Fordham,gfordham5x@examiner.com,F,France,89110.06,2004-04-17
215,Micheal,Faunch,mfaunch5y@comsenz.com,M,Brazil,55157.46,2006-05-03
216,Candy,Castana,ccastana5z@joomla.org,F,United States,16188.74,2003-07-29
217,Eba,Dabbes,edabbes60@github.io,F,Brazil,25240.71,2003-10-09
218,Morna,Cokayne,mcokayne61@so-net.ne.jp,F,Poland,82596.53,2004-08-30
219,Randal,Folker,rfolker62@smugmug.com,M,United States,45491.31,2016-11-10
220,Johnathon,Mauvin,jmauvin63@etsy.com,M,France,45808.83,2003-01-30
221,Myrvyn,Hugland,mhugland64@1und1.de,M,Denmark,57159.68,2012-12-28
222,Sigismondo,Hopkins,shopkins65@list-manage.com,M,United States,59805.45,2018-12-06
223,Trudie,Ellin,tellin66@europa.eu,F,Canada,66002.1,2011-07-21
224,Bartholomew,Rainbow,brainbow67@examiner.com,M,Brazil,12550.63,2003-10-24
225,Blondie,Tynnan,btynnan68@fastcompany.com,F,Argentina,20271.46,2002-12-29
226,Sheridan,Surcomb,,M,United States,68907.1,2005-03-04
227,Cristal,Ebi,cebi6a@google.com.hk,F,Japan,70363.68,2012-09-01
228,Carter,Ahmad,cahmad6b@furl.net,M,United States,78754.54,2011-05-28
229,Calv,McGruar,cmcgruar6c@mediafire.com,M,South Africa,62131.13,2006-11-16
230,Morlee,McIlwaine,mmcilwaine6d@cornell.edu,M,Finland,47130.0,2015-08-07
231,Rachel,Nodes,rnodes6e@springer.com,F,France,64397.67,2006-09-08
232,Avie,Langer,alanger6f@nhs.uk,F,Brazil,65138.96,2015-02-11
233,Hugues,Houldin,hhouldin6g@ycombinator.com,M,Canada,87739.48,2021-11-13
234,Morse,Andrivel,mandrivel6h@reference.com,M,United States,82156.0,2012-01-16
235,Fidole,Humbey,fhumbey6i@sciencedirect.com,M,Canada,38794.18,2009-10-24
236,Garfield,Queen,gqueen6j@sina.com.cn,M,United States,39455.48,2015-08-14
237,Gennifer,Richemond,grichemond6k@noaa.gov,F,Japan,18358.31,2011-04-18
238,Henriette,Housecroft,hhousecroft6l@unicef.org,F,Poland,72728.45,2002-11-23
239,Curr,Warrier,cwarrier6m@jalbum.net,M,Brazil,31767.43,2018-03-07
240,Sheppard,Patman,spatman6n@paginegialle.it,M,Japan,83952.31,2002-02-27
241,Abbi,Kiessel,akiessel6o@virginia.edu,F,France,55506.59,2007-02-17
242,Van,McIsaac,vmcisaac6p@nytimes.com,F,France,21561.34,2015-07-20
243,Matti,Jancey,mjancey6q@msn.com,F,Norway,69291.46,2017-12-04
244,Gleda,Simonutti,gsimonutti6r@harvard.edu,F,United States,91870.93,2002-11-30
245,Glennie,McRinn,gmcrinn6s@woothemes.com,F,Norway,88023.85,2004-06-30
246,Leonora,Kidder,lkidder6t@xinhuanet.com,F,Poland,11560.32,2017-10-10
247,Maighdiln,Taft,mtaft6u@myspace.com,F,Canada,44968.94,2014-12-17
248,Ludovika,Laminman,llaminman6v@123-reg.co.uk,F,Argentina,40330.95,2016-12-29
249,Tory,Trenfield,ttrenfield6w@youtu.be,F,Argentina,88571.64,2004-12-04
250,Hana,Di Bernardo,hdibernardo6x@bizjournals.com,F,Brazil,34037.59,2012-12-22
251,Hilton,Allingham,hallingham6y@nydailynews.com,M,Brazil,82015.17,2009-06-10
252,Neil,Bartocci,nbartocci6z@java.com,M,Canada,50417.57,2006-04-01
253,Hobey,Jori,hjori70@pagesperso-orange.fr,M,United States,42777.56,2024-11-26
254,Davide,Beaushaw,dbeaushaw71@reddit.com,M,Poland,20450.92,2011-06-16
255,Laney,Barfield,lbarfield72@mozilla.org,F,France,58426.56,2019-12-25
256,Alidia,Clogg,,F,France,26133.83,2008-04-24
257,Cris,Lorryman,clorryman74@chicagotribune.com,F,France,47091.77,2011-01-13
258,Hale,Winsiowiecki,hwinsiowiecki75@wordpress.com,M,Poland,51973.74,2002-08-31
259,Joell,Webermann,jwebermann76@toplist.cz,F,Brazil,36232.34,2009-01-30
260,Elana,Hattigan,ehattigan77@ca.gov,F,France,16951.3,2020-03-29
261,Orlando,Bellino,obellino78@linkedin.com,M,Brazil,46580.61,2004-06-09
262,Allayne,Mathivet,amathivet79@answers.com,M,Argentina,15294.65,2003-11-06
263,Bethena,Sigge,bsigge7a@unblog.fr,F,Argentina,28239.78,2016-03-31
264,Giorgi,Matchitt,gmatchitt7b@china.com.cn,M,Egypt,39958.35,2008-04-15
265,Neile,Zimek,nzimek7c@list-manage.com,F,Poland,17650.09,2022-07-09
266,Reinald,Seargeant,rseargeant7d@bandcamp.com,M,United States,68394.57,2005-01-24
267,Forster,Smitherman,fsmitherman7e@go.com,M,Poland,89619.55,2021-01-25
268,Carrol,Wyson,cwyson7f@moonfruit.com,M,France,61081.93,2005-01-02
269,Nathanil,Spurr,nspurr7g@acquirethisname.com,M,Argentina,42926.38,2005-05-09
270,Arnoldo,Geer,ageer7h@posterous.com,M,Brazil,56824.67,2021-08-10
271,Celia,Skipping,cskipping7i@ucoz.com,F,Brazil,22059.02,2008-05-29
272,Amie,Kynder,akynder7j@istockphoto.com,F,Brazil,10805.05,2005-03-21
273,Olly,New,onew7k@tiny.cc,F,Switzerland,56248.43,2004-06-28
274,Piotr,Obeney,pobeney7l@narod.ru,M,Egypt,19413.22,2022-02-16
275,Dela,Lumsdale,dlumsdale7m@blinklist.com,F,Brazil,71595.07,2009-05-14
276,Evin,Beeton,ebeeton7n@icio.us,M,South Africa,74210.68,2006-09-26
277,Tudor,Chaimson,tchaimson7o@harvard.edu,M,United States,79576.42,2011-03-03
278,Elana,Kliner,ekliner7p@europa.eu,F,France,42118.53,2004-06-04
279,Siobhan,Karet,skaret7q@wsj.com,F,United Kingdom,84926.13,2020-07-05
280,Eamon,Bowcock,ebowcock7r@si.edu,M,United States,82937.69,2002-05-14
281,Liesa,Colhoun,lcolhoun7s@narod.ru,F,France,80364.67,2021-09-08
282,Park,Senussi,psenussi7t@seattletimes.com,M,Poland,88902.07,2024-06-04
283,Pablo,Malicki,pmalicki7u@paginegialle.it,M,United States,15180.74,2022-11-14
284,Vannie,Episcopio,vepiscopio7v@a8.net,F,Brazil,72243.95,2013-04-29
285,Anderea,Andrzejewski,aandrzejewski7w@nyu.edu,F,Japan,40070.29,2023-10-20
286,Dale,Thorndale,dthorndale7x@seattletimes.com,M,Canada,75210.72,2018-05-17
287,Prudy,Delatour,pdelatour7y@cloudflare.com,F,Argentina,86560.19,
288,Fletcher,Chamberlen,fchamberlen7z@seesaa.net,M,Poland,90400.98,2020-12-23
289,Evita,Presshaugh,epresshaugh80@wikispaces.com,F,Norway,74470.66,2023-05-13
290,Georgeanne,Mayoh,gmayoh81@livejournal.com,F,Brazil,10494.95,2006-10-17
291,Fax,Bigglestone,fbigglestone82@google.co.jp,M,United States,77072.84,2021-08-21
292,Cornall,Elloway,celloway83@berkeley.edu,M,Brazil,47966.4,2016-05-20
293,Collette,Kermitt,ckermitt84@skyrock.com,F,Ghana,58013.52,2016-08-14
294,Paton,MacNeillie,pmacneillie85@google.com.hk,M,France,28605.99,2016-08-24
295,Madonna,Goudman,mgoudman86@over-blog.com,F,Denmark,91009.88,2005-07-25
296,Nicole,Writtle,nwrittle87@intel.com,F,Argentina,63468.3,2010-08-28
297,Jackie,Buye,jbuye88@webeden.co.uk,F,France,78553.71,2016-11-11
298,Bearnard,Swindles,bswindles89@bbc.co.uk,M,Poland,32839.9,2005-01-13
299,Rudiger,Biggam,rbiggam8a@ameblo.jp,M,South Africa,38323.56,2011-07-07
300,Dorrie,Lamkin,dlamkin8b@miitbeian.gov.cn,F,Brazil,28508.99,2004-10-22
301,Hilarius,Idel,hidel8c@flavors.me,M,Japan,14840.9,2021-02-13
302,Lanita,Gianolo,lgianolo8d@geocities.jp,F,Argentina,23035.29,2019-07-11
303,Darda,Kubatsch,dkubatsch8e@admin.ch,F,Poland,36252.58,2010-05-14
304,Yule,Garrold,ygarrold8f@princeton.edu,M,Poland,56947.27,2009-07-19
305,Thaddeus,McCurdy,tmccurdy8g@gov.uk,M,France,56826.32,2024-08-18
306,Daven,MacConneely,dmacconneely8h@mediafire.com,M,Poland,40644.0,2008-08-25
307,Monty,Ciciari,mciciari8i@dailymotion.com,M,Japan,18189.15,2013-02-12
308,Krystyna,Absolom,kabsolom8j@constantcontact.com,F,Finland,73335.23,2019-12-02
309,Fleming,Frosdick,ffrosdick8k@examiner.com,M,Egypt,46432.45,2014-04-25
310,Elwira,Dunkerley,edunkerley8l@etsy.com,F,France,18420.92,2017-10-06
311,Gertruda,Bannerman,gbannerman8m@wp.com,F,Poland,41441.74,2024-06-17
312,Nedda,Hagley,nhagley8n@youku.com,F,Brazil,91399.03,2007-02-24
313,Arty,Salvatore,asalvatore8o@jigsy.com,M,Argentina,71599.38,2005-09-16
314,Ronny,Asbury,rasbury8p@cargocollective.com,F,Egypt,83962.42,2007-10-01
315,Fredelia,Yewen,fyewen8q@pagesperso-orange.fr,F,France,14900.16,2012-05-04
316,Penny,Adame,padame8r@gmpg.org,M,Brazil,90757.61,2013-10-17
317,Karalee,Vedyashkin,kvedyashkin8s@slashdot.org,F,South Korea,42562.49,2014-05-25
318,Gilemette,Steers,gsteers8t@cpanel.net,F,Brazil,84319.67,2023-07-06
319,Delcina,Sarch,dsarch8u@mtv.com,F,Poland,18536.22,2011-09-06
320,Sigismund,Claypole,sclaypole8v@upenn.edu,M,Egypt,36270.36,2009-03-11
321,Oralee,Osment,oosment8w@businesswire.com,F,Poland,72629.41,2018-10-04
322,Laetitia,Sinclar,lsinclar8x@reddit.com,F,France,67227.69,2019-07-23
323,Fawn,Sandilands,fsandilands8y@cbsnews.com,F,South Africa,47807.78,2022-02-10
324,Rea,MacCourt,rmaccourt8z@ted.com,F,Finland,67113.99,2020-09-19
325,Kylynn,Antrim,kantrim90@princeton.edu,F,Brazil,76417.72,2006-06-07
326,Bron,MacDunleavy,bmacdunleavy91@biblegateway.com,M,France,67925.17,2019-07-26
327,Sosanna,Scawn,sscawn92@ezinearticles.com,F,Brazil,17180.13,2017-04-01
328,Kevan,Jakubovits,kjakubovits93@qq.com,M,Brazil,47066.26,2015-11-03
329,Cate,Heibel,cheibel94@google.es,F,Canada,47983.53,2014-09-03
330,Meredith,Burghall,mburghall95@storify.com,M,France,57653.08,2012-03-18
331,Cilka,O'Grada,cograda96@blogs.com,F,Denmark,61562.62,2013-07-04
332,James,Volleth,jvolleth97@aboutads.info,M,Finland,62183.77,
333,Darsie,Yemm,dyemm98@theguardian.com,F,Canada,21295.54,2015-08-21
334,Christos,Pritchitt,cpritchitt99@ucoz.ru,M,Brazil,58825.19,2009-04-06
335,Sax,Lynam,,M,Japan,10099.63,2011-01-03
336,Noreen,Ivoshin,nivoshin9b@google.ru,F,United States,46944.75,2008-04-07
337,Clyde,Greer,cgreer9c@blogs.com,M,South Korea,42108.19,2021-04-18
338,Valentin,Richemond,vrichemond9d@youku.com,M,Argentina,56848.61,2010-12-25
339,Hermione,Brugger,hbrugger9e@google.ca,F,Poland,68416.92,2007-04-09
340,Ker,Dawidowitsch,kdawidowitsch9f@tamu.edu,M,United States,63760.79,2017-02-27
341,Mary,Fitchell,mfitchell9g@usgs.gov,F,Brazil,23718.38,2017-10-23
342,Lyndsay,Kesper,lkesper9h@cam.ac.uk,F,Brazil,47999.27,2021-07-23
343,Lucie,Hastewell,lhastewell9i@issuu.com,F,Finland,37888.89,2010-05-11
344,Mateo,Pascow,mpascow9j@cyberchimps.com,M,Finland,63794.83,2005-01-28
345,Fulton,Farthing,ffarthing9k@ed.gov,M,United States,68838.76,2015-09-26
346,Bobbette,Lockart,blockart9l@blogspot.com,F,Japan,90997.37,2012-01-17
347,Garland,Quantick,gquantick9m@army.mil,F,Poland,53106.57,2019-08-23
348,Giacinta,Neligan,gneligan9n@noaa.gov,F,France,20899.7,2016-07-17
349,Gawain,Fendt,gfendt9o@is.gd,M,Brazil,32276.74,2010-12-04
350,Meyer,Broschek,mbroschek9p@yale.edu,M,Brazil,78043.74,2012-03-06
351,Hazlett,Skerm,hskerm9q@freewebs.com,M,France,88948.13,2015-10-12
352,Xymenes,Klemke,xklemke9r@cornell.edu,M,Brazil,86932.42,2004-05-12
353,Biddy,Lindelof,blindelof9s@tiny.cc,F,Japan,60605.61,2013-09-03
354,Dulcie,Lourenco,dlourenco9t@mysql.com,F,Poland,78027.86,2002-07-30
355,Xymenes,Ambrosoli,xambrosoli9u@hc360.com,M,United States,22837.04,2007-07-22
356,Sax,Ziemen,sziemen9v@furl.net,M,Argentina,19657.65,2013-08-30
357,Dolly,Carslaw,dcarslaw9w@google.nl,F,Canada,65371.42,
358,Bogey,Nugent,bnugent9x@disqus.com,M,Poland,43713.62,2024-02-10
359,Kellyann,Knevett,kknevett9y@flavors.me,F,United States,86776.32,2023-03-18
360,Ario,Breston,abreston9z@stumbleupon.com,M,Argentina,15399.62,2012-01-22
361,Kacey,Crates,,F,Poland,25700.86,2024-01-22
362,Basil,Tadd,btadda1@ustream.tv,M,France,57363.3,2015-06-21
363,Sophie,MacTrustey,smactrusteya2@ox.ac.uk,F,United States,89749.63,2019-11-05
364,Leona,Rapsey,lrapseya3@japanpost.jp,F,Brazil,50277.29,2008-09-01
365,Karim,Piller,kpillera4@blogger.com,M,France,85322.22,2002-01-18
366,Orville,Baise,obaisea5@blinklist.com,M,Brazil,54613.84,2014-12-27
367,Jessey,Bernhard,jbernharda6@e-recht24.de,M,Brazil,21980.53,2013-01-10
368,Major,Borthwick,mborthwicka7@jalbum.net,M,South Korea,50683.24,2010-07-07
369,Davidde,Stockle,dstocklea8@cbsnews.com,M,Brazil,10069.95,2019-02-10
370,Kinny,Sasser,ksassera9@prlog.org,M,France,45447.31,2007-07-08
371,Zarla,Truckell,ztruckellaa@prweb.com,F,Canada,79300.49,2008-12-31
372,Iain,Trahmel,itrahmelab@sphinn.com,M,Argentina,35674.77,2016-04-16
373,Annnora,Johanchon,ajohanchonac@nsw.gov.au,F,Poland,80754.15,2013-01-09
374,Celestyna,Tripet,ctripetad@dot.gov,F,Brazil,49593.71,2013-02-28
375,Nicolas,Klimochkin,,M,France,29227.98,2018-07-27
376,Harmon,Piotr,hpiotraf@nih.gov,M,Brazil,81828.34,2018-10-10
377,Berkly,Housegoe,bhousegoeag@google.co.jp,M,Canada,21410.0,2001-12-28
378,Dunstan,Inchboard,dinchboardah@forbes.com,M,South Africa,59657.46,2021-02-11
379,Freddy,Fooks,ffooksai@smh.com.au,F,Brazil,44868.98,2002-12-20
380,Ebeneser,Ilymanov,eilymanovaj@cam.ac.uk,M,France,56610.93,2013-10-22
381,Humfried,Trusdale,htrusdaleak@1688.com,M,France,76958.6,2013-10-07
382,Krisha,Dimitrie,kdimitrieal@bloglines.com,M,Norway,34738.02,2021-01-16
383,Chrissy,Mingaye,cmingayeam@oakley.com,M,France,51039.57,2005-01-02
384,Jennine,Winfindale,jwinfindalean@senate.gov,F,Brazil,48177.59,2004-11-10
385,Selle,Brewitt,sbrewittao@businesswire.com,F,France,49865.52,2004-11-29
386,Brande,Whistlecraft,bwhistlecraftap@scribd.com,F,Norway,47735.77,2018-04-20
387,Fergus,McQuarter,fmcquarteraq@smugmug.com,M,Argentina,50939.47,2002-10-04
388,Amabelle,Huff,ahuffar@meetup.com,F,France,60548.88,2020-02-04
389,Lisabeth,Mc Andrew,lmcandrewas@4shared.com,F,Poland,72896.74,2013-07-03
390,Vannie,Robotham,vrobothamat@statcounter.com,F,Egypt,55052.0,2014-02-09
391,Odille,Jellis,ojellisau@hc360.com,F,Japan,55791.55,2005-08-30
392,Adelind,Robrose,arobroseav@live.com,F,Poland,63019.57,2010-10-03
393,Tove,Ochiltree,tochiltreeaw@digg.com,F,Poland,27900.02,2022-07-21
394,Franklyn,Stede,fstedeax@hubpages.com,M,France,43884.82,2008-12-08
395,Gibbie,Rowdell,growdellay@123-reg.co.uk,M,Finland,23692.23,2019-07-20
396,Berti,Joburn,bjoburnaz@kickstarter.com,M,Poland,47209.03,2009-09-04
397,Angel,Kinsey,akinseyb0@goodreads.com,F,South Africa,53347.11,2021-03-19
398,Cordelia,Schinetti,cschinettib1@unesco.org,F,France,26985.55,2003-10-28
399,Nat,Gruszecki,ngruszeckib2@elegantthemes.com,F,France,16974.04,2014-11-15
400,Isabeau,Smogur,ismogurb3@tripadvisor.com,F,Germany,64540.61,2009-03-27
401,Kim,Sheepy,ksheepyb4@disqus.com,F,Japan,86872.38,2016-08-25
402,Carolee,Bythway,cbythwayb5@theatlantic.com,F,France,24426.66,2014-02-09
403,Lambert,Gerant,lgerantb6@cdc.gov,M,Poland,61597.39,2004-02-05
404,Napoleon,Brundle,nbrundleb7@home.pl,M,Germany,37179.25,2007-03-30
405,Charley,Ellin,cellinb8@youku.com,M,Norway,54555.58,2019-10-11
406,Imelda,Hitter,ihitterb9@a8.net,F,Argentina,44886.55,2016-01-16
407,Jemie,Lipyeat,jlipyeatba@blogspot.com,F,Argentina,39235.69,2019-01-23
408,Emelen,Hornbuckle,ehornbucklebb@altervista.org,M,Brazil,34937.3,2008-07-08
409,Con,Reoch,creochbc@hp.com,M,Egypt,45207.08,2024-07-06
410,Philly,McGorman,pmcgormanbd@ucoz.ru,F,Poland,28450.47,2008-12-05
411,Lewiss,Blasiak,lblasiakbe@i2i.jp,M,France,60507.01,2022-06-11
412,Nana,Brendeke,nbrendekebf@mozilla.com,F,United States,65034.5,2002-07-28
413,Carlita,Schreurs,cschreursbg@vistaprint.com,F,Argentina,47942.9,2008-05-03
414,Merilyn,Ellsbury,mellsburybh@ucoz.com,F,France,26307.52,2021-10-13
415,Nikolaus,Boshers,nboshersbi@google.de,M,Poland,76364.91,2006-12-08
416,Tasia,Eccleshare,tecclesharebj@ow.ly,F,France,31110.9,2009-01-03
417,Nessi,Springate,nspringatebk@ucoz.ru,F,France,86817.08,2006-02-25
418,Andrea,McKeran,amckeranbl@cafepress.com,F,Japan,85955.63,2023-11-01
419,Grove,McGannon,gmcgannonbm@sphinn.com,M,Brazil,85164.81,2018-12-11
420,Harry,Milton,hmiltonbn@whitehouse.gov,M,Norway,43719.9,2023-06-07
421,Quill,Lancashire,qlancashirebo@e-recht24.de,M,Argentina,68698.03,2005-09-22
422,Astrid,Naton,anatonbp@github.com,F,United States,25978.67,2006-08-22
423,Wilhelmine,Fiddler,wfiddlerbq@japanpost.jp,F,Poland,88494.08,2017-02-14
424,Jereme,Herreros,jherrerosbr@tuttocitta.it,M,Brazil,25386.11,2014-10-26
425,Clarice,McCaffrey,cmccaffreybs@tripadvisor.com,F,France,19845.19,2021-01-14
426,Dorothy,Delyth,ddelythbt@bravesites.com,F,Canada,18306.95,2022-09-08
427,Gav,Jaram,gjarambu@spotify.com,M,Poland,16294.91,2006-08-16
428,Chastity,Gorioli,cgoriolibv@businesswire.com,F,Poland,84384.05,2007-07-17
429,Odilia,Grinvalds,ogrinvaldsbw@smh.com.au,F,South Africa,79214.78,2006-06-15
430,Foster,Larenson,flarensonbx@house.gov,M,Poland,19152.48,2023-11-28
431,Rowen,Gowen,rgowenby@goo.ne.jp,M,Canada,37231.61,2015-01-15
432,Quintus,Moorwood,qmoorwoodbz@mail.ru,M,France,60445.78,2017-12-18
433,Maje,Middlebrook,mmiddlebrookc0@patch.com,M,Poland,33274.62,2006-11-15
434,Raquela,Finney,rfinneyc1@topsy.com,F,Argentina,89008.29,2014-09-29
435,Faythe,Bullen,fbullenc2@ovh.net,F,South Africa,31726.39,2011-03-14
436,Perle,Prall,pprallc3@tripod.com,F,France,68244.97,2017-09-07
437,Ketti,Deery,kdeeryc4@freewebs.com,F,Brazil,20715.14,2010-06-08
438,Mil,McBain,mmcbainc5@kickstarter.com,F,France,31338.11,2011-02-01
439,Shirley,Easterbrook,seasterbrookc6@blogtalkradio.com,F,France,73006.95,2013-03-29
440,Katleen,Gain,kgainc7@abc.net.au,F,South Korea,20163.32,2019-05-07
441,Aldridge,Cornick,acornickc8@china.com.cn,M,Canada,71893.88,2020-06-16
442,Stearn,Larder,slarderc9@oracle.com,M,Denmark,53164.1,2013-05-13
443,Tomlin,Pimblotte,tpimblotteca@cdbaby.com,M,Germany,88450.67,2007-05-05
444,Pietra,Nottingham,pnottinghamcb@businessweek.com,F,Brazil,23267.26,2003-01-18
445,Magnum,McTague,mmctaguecc@nih.gov,M,Brazil,19926.69,2019-08-17
446,Michel,Speek,mspeekcd@disqus.com,F,South Africa,72827.38,2015-09-25
447,Sibyl,Bowes,sbowesce@opera.com,M,United States,76347.8,2012-01-08
448,Erny,Reilly,ereillycf@theatlantic.com,M,France,15833.41,2004-08-19
449,Bernetta,Beare,bbearecg@behance.net,F,Brazil,32574.87,2021-03-21
450,Idaline,Goody,igoodych@hexun.com,F,Japan,78773.19,2018-11-18
451,Giorgi,Gabotti,ggabottici@nbcnews.com,M,Brazil,27512.09,2007-02-09
452,Amitie,Husband,ahusbandcj@chicagotribune.com,F,Brazil,10069.46,2013-05-08
453,Yvor,Poone,ypooneck@youku.com,M,United States,89606.85,2007-06-07
454,Deeanne,Tow,dtowcl@arizona.edu,F,South Africa,16148.54,2011-12-29
455,Stanislaus,Goldstone,sgoldstonecm@cnn.com,M,Brazil,29730.14,2004-09-25
456,Brenda,Cotsford,bcotsfordcn@dot.gov,F,France,68583.89,2005-08-07
457,Hewitt,Janikowski,hjanikowskico@51.la,M,France,72923.64,2023-12-19
458,Hortense,Baleine,hbaleinecp@pinterest.com,F,Poland,57089.23,2016-02-28
459,Codi,Artrick,cartrickcq@irs.gov,M,France,82195.93,2007-01-28
460,Aura,Zylberdik,azylberdikcr@loc.gov,F,Canada,55954.17,2019-05-14
461,Perle,Hadigate,phadigatecs@craigslist.org,F,Argentina,14592.74,2016-07-05
462,Anestassia,McCandie,amccandiect@homestead.com,F,Japan,83036.51,2005-10-05
463,Abraham,Owlner,aowlnercu@archive.org,M,United States,54212.94,2019-10-04
464,Craggy,Foxen,cfoxencv@mit.edu,M,France,33702.58,2021-10-31
465,Eugenie,Wolton,ewoltoncw@themeforest.net,F,France,15566.77,2020-03-23
466,Kerwin,Dicey,kdiceycx@acquirethisname.com,M,Japan,52241.2,2020-05-19
467,Creight,Drewett,cdrewettcy@arizona.edu,M,Japan,56761.11,2004-09-16
468,Adolphe,Riden,aridencz@google.de,M,Argentina,34333.3,2007-09-08
469,Reggy,Tofanini,rtofaninid0@google.com.au,M,Canada,63264.65,2017-10-15
470,Clementine,Rippingall,crippingalld1@odnoklassniki.ru,F,Germany,19025.65,2013-06-09
471,Axel,Strong,,M,France,59392.89,2023-03-01
472,Putnam,Russam,prussamd3@altervista.org,M,France,23727.51,2018-07-13
473,Selina,Caines,scainesd4@shutterfly.com,F,United States,28347.92,2006-07-02
474,Juana,Pretor,jpretord5@gmpg.org,F,Argentina,91328.78,2003-12-29
475,Brit,Mattheeuw,bmattheeuwd6@naver.com,M,United States,24939.47,2024-01-28
476,Tate,Clawe,tclawed7@netscape.com,F,Germany,24788.68,2016-11-17
477,Uriel,Titford,utitfordd8@paginegialle.it,M,France,33183.44,2020-08-31
478,Glynis,Cowton,gcowtond9@symantec.com,F,Brazil,81193.36,2014-08-03
479,Gerhardt,Simla,gsimlada@prlog.org,M,France,71927.57,2006-02-20
480,Lynn,Erley,lerleydb@cloudflare.com,F,Japan,12336.87,2023-04-15
481,Zabrina,Skellorne,zskellornedc@addthis.com,F,South Africa,57419.5,2018-03-13
482,Egbert,Tremathick,etremathickdd@quantcast.com,M,France,65749.56,2024-07-02
483,Lauritz,Isgate,lisgatede@wikispaces.com,M,France,15119.34,2007-11-18
484,Jacinthe,Phipp,jphippdf@usnews.com,F,France,71003.43,2021-05-01
485,Gretel,Pasley,gpasleydg@discuz.net,F,Brazil,20322.37,2002-03-14
486,Tait,Coventon,tcoventondh@sfgate.com,M,Japan,48820.74,2019-03-08
487,Adelle,Stitch,astitchdi@de.vu,F,France,86310.87,
488,Kyle,Gallemore,kgallemoredj@ning.com,M,Brazil,34297.3,2013-10-26
489,Ruttger,Eliot,reliotdk@deviantart.com,M,Brazil,59180.15,2007-12-25
490,Aubine,Callum,acallumdl@techcrunch.com,F,United States,25455.31,2004-07-26
491,Sandie,Ellesmere,sellesmeredm@msn.com,F,Finland,48298.66,2010-08-11
492,Cass,Tryme,ctrymedn@theguardian.com,F,Australia,29377.33,2004-09-12
493,Alvira,Wix,awixdo@omniture.com,F,France,78607.86,2010-12-29
494,Reagen,Joselevitz,rjoselevitzdp@economist.com,M,Argentina,62238.47,2018-10-25
495,Courtney,Kinloch,ckinlochdq@gov.uk,F,Germany,18196.12,2002-03-12
496,Mohandas,Grono,mgronodr@wikia.com,M,Brazil,32915.83,2009-12-26
497,Alfonso,Winton,awintonds@wiley.com,M,Norway,59471.11,2008-03-09
498,Mimi,De Gregario,mdegregariodt@constantcontact.com,F,Canada,63290.28,2012-10-06
499,Yorke,Sawfoot,ysawfootdu@imdb.com,M,Japan,27562.37,2012-03-08
500,Horatius,Vellden,hvelldendv@redcross.org,M,United States,27005.79,2007-12-06
501,Patricio,Chasen,pchasendw@google.es,M,Canada,71179.86,2021-01-20
502,Eloise,Coughtrey,ecoughtreydx@w3.org,F,Poland,49089.83,2002-07-08
503,Frank,Raddon,fraddondy@hexun.com,M,Argentina,58104.13,2023-06-28
504,Lavinie,Leatherland,lleatherlanddz@irs.gov,F,Argentina,63065.11,2015-12-24
505,Yvon,Korous,ykorouse0@typepad.com,M,South Africa,47100.68,2010-07-07
506,Elbert,Merrywether,emerrywethere1@washington.edu,M,Japan,63508.36,2010-03-26
507,Arleyne,Dunbleton,adunbletone2@wordpress.com,F,France,90045.21,2013-02-18
508,Dorree,Sadd,dsadde3@quantcast.com,F,Japan,76985.54,2022-10-04
509,Robenia,Lockner,rlocknere4@jalbum.net,F,Poland,83973.38,2021-05-27
510,Tildy,Mouan,tmouane5@hud.gov,F,Poland,33018.36,2014-01-13
511,Alexandr,Smorfit,asmorfite6@shinystat.com,M,Brazil,37981.43,2004-02-25
512,Jeffie,Coombes,jcoombese7@rediff.com,M,Japan,56402.75,2016-12-09
513,Guenevere,Holson,gholsone8@163.com,F,Japan,72697.16,
514,Rich,Pennone,rpennonee9@webeden.co.uk,M,Argentina,64519.9,2019-07-14
515,Dur,Giamelli,dgiamelliea@howstuffworks.com,M,Brazil,91145.33,2018-11-09
516,Katherina,Teanby,kteanbyeb@sun.com,F,Argentina,36736.25,2005-04-16
517,Scott,Milkeham,smilkehamec@msu.edu,M,France,23353.01,2005-12-23
518,Sylvan,Brandassi,sbrandassied@360.cn,M,Norway,50030.86,2003-06-23
519,Basile,Edgeon,bedgeonee@intel.com,M,Brazil,11539.7,2006-03-02
520,Otho,Lowrey,olowreyef@rakuten.co.jp,M,France,70310.53,2024-05-01
521,Nikolia,Dybbe,ndybbeeg@mozilla.org,F,France,74329.39,2006-09-20
522,Grove,Ifill,gifilleh@spotify.com,M,United States,13035.44,2002-03-24
523,Chrisy,Luton,clutonei@cnet.com,M,Poland,79167.4,2011-11-22
524,Carma,Shark,csharkej@cpanel.net,F,France,14894.56,2004-03-25
525,Lock,Punter,lpunterek@a8.net,M,Argentina,28745.16,2006-11-14
526,Dov,Wainman,dwainmanel@sbwire.com,M,United States,78094.71,2023-10-10
527,Janeta,Bertouloume,jbertouloumeem@reddit.com,F,South Africa,23490.28,2011-12-24
528,Babbette,Harborow,bharborowen@cisco.com,F,Brazil,59050.34,2016-11-04
529,Thomasin,Greenfield,tgreenfieldeo@tumblr.com,F,Brazil,42582.3,2002-11-04
530,Marcelline,Braddock,mbraddockep@nyu.edu,F,Argentina,17721.72,2007-11-02
531,Bee,Kenningley,bkenningleyeq@photobucket.com,F,Hungary,80012.4,2011-05-19
532,Ortensia,Dyott,odyotter@kickstarter.com,F,Japan,47917.55,2011-09-01
533,Gunter,Yell,gyelles@delicious.com,M,Finland,21725.92,2013-05-05
534,Langston,Fewster,lfewsteret@columbia.edu,M,Poland,34078.35,2024-11-22
535,Eula,Haws,ehawseu@pbs.org,F,Argentina,73925.48,2017-02-21
536,Geneva,Scotchmore,gscotchmoreev@merriam-webster.com,F,Finland,43929.12,2018-05-12
537,Wilburt,Bridewell,wbridewellew@cbsnews.com,M,Brazil,17223.96,
538,Madeleine,Fourcade,mfourcadeex@ucsd.edu,F,United States,13443.72,2008-12-29
539,Annemarie,Dain,adainey@taobao.com,F,Argentina,16792.64,2003-02-22
540,Jacky,Klaaasen,jklaaasenez@miibeian.gov.cn,F,France,86365.41,2005-11-10
541,Peyton,Brockman,pbrockmanf0@mail.ru,M,France,41507.19,2003-11-18
542,Claus,Rabjohns,crabjohnsf1@trellian.com,M,Argentina,82272.78,2005-06-24
543,Tarah,Holleran,tholleranf2@comcast.net,F,Brazil,35581.25,2014-03-13
544,Sly,Brent,sbrentf3@gov.uk,M,Egypt,65554.01,
545,Virgilio,Connichie,vconnichief4@homestead.com,M,Canada,19544.47,2014-11-25
546,Kissiah,Rowlands,krowlandsf5@weather.com,F,United States,70866.49,2020-11-12
547,Harv,Lemarie,hlemarief6@hhs.gov,M,Japan,24510.86,2013-06-15
548,Lewes,Coots,lcootsf7@latimes.com,M,South Africa,74582.48,2011-07-02
549,Isabel,Polin,ipolinf8@tripod.com,F,Brazil,30172.99,2015-08-23
550,Missie,Cuphus,mcuphusf9@seesaa.net,F,Japan,66985.06,2005-05-15
551,Danika,Staff,dstafffa@comsenz.com,F,Brazil,75435.0,2010-12-04
552,Moll,Freckelton,mfreckeltonfb@washingtonpost.com,F,France,35570.25,2006-01-08
553,Waverly,Franciskiewicz,wfranciskiewiczfc@unicef.org,M,France,38914.62,2004-02-19
554,Blanca,Parrin,bparrinfd@about.me,F,Brazil,46952.68,2019-04-11
555,Rudolph,Biasotti,rbiasottife@npr.org,M,France,60461.58,2012-08-20
556,Juliane,Collyer,jcollyerff@psu.edu,F,Poland,62091.88,2018-07-08
557,Merv,Fetter,mfetterfg@springer.com,M,South Africa,26211.1,2004-04-13
558,Sada,Eady,seadyfh@ihg.com,F,United States,33488.27,2009-01-16
559,Emalia,Pantry,epantryfi@cbslocal.com,F,Poland,64180.36,2004-09-25
560,Kelcey,Girton,kgirtonfj@51.la,F,Brazil,31647.81,2019-06-26
561,Alecia,Berrigan,aberriganfk@tiny.cc,F,South Korea,10480.8,2015-10-28
562,Jodie,Rawlence,jrawlencefl@youtube.com,M,Norway,89266.46,2022-10-11
563,Michaella,Goodridge,mgoodridgefm@mysql.com,F,United States,19280.05,2006-03-28
564,Reagan,Ottewell,rottewellfn@ovh.net,M,United Kingdom,47465.73,2011-10-09
565,Issy,Follitt,ifollittfo@jalbum.net,F,Japan,,2011-04-05
566,Maryann,Marquet,mmarquetfp@irs.gov,F,Brazil,81075.28,2019-12-11
567,Philippe,McGreil,pmcgreilfq@godaddy.com,F,Brazil,28006.07,2010-11-01
568,Kylen,Dauby,kdaubyfr@phpbb.com,F,United States,62832.43,2018-12-07
569,Augy,Muggach,amuggachfs@reuters.com,M,Argentina,35895.74,2023-11-18
570,Hildagard,Witling,hwitlingft@sphinn.com,F,France,39250.46,2008-09-20
571,Gray,Videan,gvideanfu@yelp.com,F,Poland,52622.23,2004-08-31
572,Barbara-anne,Stimpson,bstimpsonfv@cam.ac.uk,F,Brazil,61140.3,2012-01-31
573,Patty,Tomaello,ptomaellofw@tiny.cc,M,Poland,73905.93,2016-10-07
574,Sianna,Hailwood,shailwoodfx@patch.com,F,Brazil,44331.08,2010-08-18
575,Ned,Rate,nratefy@networkadvertising.org,M,South Africa,64357.38,2015-06-26
576,Brewster,Shireff,bshirefffz@desdev.cn,M,Finland,58911.95,2024-07-06
577,Deva,MacCaughen,dmaccaugheng0@biglobe.ne.jp,F,Japan,81382.74,2021-01-12
578,Zuzana,Mitcheson,zmitchesong1@blogs.com,F,Poland,29249.94,2002-10-13
579,Fielding,Douce,fdouceg2@foxnews.com,M,Germany,49700.76,2011-08-15
580,Donelle,Curl,dcurlg3@github.com,F,France,60947.01,2003-03-06
581,Lindsay,Borzone,lborzoneg4@smugmug.com,M,Poland,74131.78,2004-05-16
582,Lynna,Bache,lbacheg5@squarespace.com,F,Egypt,70363.8,2018-09-27
583,Saloma,Nanni,snannig6@so-net.ne.jp,F,Poland,79324.88,2006-04-01
584,Peadar,McQuillen,pmcquilleng7@biblegateway.com,M,Japan,40216.56,2003-12-17
585,Teddie,Elstone,telstoneg8@wired.com,M,United States,77441.97,2013-11-08
586,Farrel,Cliffe,fcliffeg9@paypal.com,M,Japan,40362.38,2022-11-26
587,Dew,Ryde,drydega@seattletimes.com,M,Brazil,30649.73,2005-12-15
588,Randi,Ivanchikov,rivanchikovgb@reddit.com,M,France,38166.83,2005-01-19
589,Ramsay,Clist,rclistgc@dot.gov,M,Norway,79162.23,2008-12-01
590,Rebe,Cudbertson,rcudbertsongd@rediff.com,F,France,27607.86,2023-11-16
591,Leonelle,Brodeur,lbrodeurge@livejournal.com,F,Brazil,86303.3,2008-11-18
592,Jordana,Swoffer,jswoffergf@google.cn,F,Argentina,35672.99,2016-07-08
593,Grant,Studd,gstuddgg@nature.com,M,Brazil,74849.91,2009-11-30
594,Daile,Noto,dnotogh@yolasite.com,F,Brazil,13930.88,2006-10-22
595,Daisey,Loan,dloangi@si.edu,F,Brazil,88449.67,2023-04-04
596,Osbert,Moorhead,omoorheadgj@adobe.com,M,Japan,10754.33,2013-11-22
597,Isabelita,Libri,ilibrigk@flickr.com,F,Poland,48331.4,2018-06-19
598,Augustine,Babbidge,ababbidgegl@merriam-webster.com,F,South Africa,38456.73,2001-12-26
599,Deanne,Insworth,dinsworthgm@clickbank.net,F,France,56325.97,2008-05-03
600,Grantham,Paver,gpavergn@ebay.co.uk,M,United States,54014.47,2010-10-15
601,Eadmund,Knight,eknightgo@phpbb.com,M,United States,46516.33,2008-09-09
602,Pandora,Feighney,pfeighneygp@scribd.com,F,France,85069.65,2011-05-05
603,Gwen,Lestrange,glestrangegq@sun.com,F,Poland,74341.71,2005-11-13
604,Stephannie,Weir,sweirgr@live.com,F,Poland,18589.32,2023-12-08
605,Joice,Blackesland,jblackeslandgs@sina.com.cn,F,Brazil,65365.59,2006-04-23
606,Arie,Yeardley,ayeardleygt@un.org,M,Ghana,74826.17,2007-10-14
607,Alyss,Dally,adallygu@cnn.com,F,South Korea,10009.55,2017-07-20
608,Scottie,Woolatt,swoolattgv@pbs.org,M,France,70009.52,2020-08-25
609,Cissiee,McLae,cmclaegw@sohu.com,F,Brazil,89155.0,2019-05-17
610,Mellie,Coot,mcootgx@umich.edu,F,France,46858.49,2016-08-10
611,Aubrette,Corsor,acorsorgy@github.com,F,Brazil,86392.29,2007-03-04
612,Vallie,Meaddowcroft,vmeaddowcroftgz@ifeng.com,F,Poland,61714.59,2014-02-06
613,Sandy,Caustick,scaustickh0@phoca.cz,M,Argentina,51922.02,2017-10-24
614,Lona,Hughes,lhughesh1@unesco.org,F,Poland,83289.49,2011-01-02
615,Tresa,Knagges,,F,Canada,49192.13,2007-09-20
616,Nico,Squibe,nsquibeh3@pcworld.com,M,Poland,63998.69,2009-08-31
617,Selia,Alderton,saldertonh4@zdnet.com,F,Canada,50555.83,2020-11-11
618,Daphna,Iacobini,diacobinih5@phpbb.com,F,Finland,41115.41,2008-06-29
619,Milton,Scripps,mscrippsh6@google.ru,M,France,76658.95,2020-02-25
620,Raimondo,Rhodes,rrhodesh7@cocolog-nifty.com,M,Argentina,87588.83,2023-09-13
621,Carry,Ringsell,cringsellh8@t.co,F,Brazil,21950.23,2017-10-16
622,Tami,Northidge,tnorthidgeh9@de.vu,F,Poland,41716.38,2007-10-24
623,Jorey,Gerrill,jgerrillha@istockphoto.com,F,South Korea,59724.2,2015-11-16
624,Ivonne,Toppes,itoppeshb@people.com.cn,F,Germany,81334.6,2018-05-22
625,Bartholomeo,Edmott,bedmotthc@cisco.com,M,Poland,50607.95,2011-09-12
626,Giacobo,Baysting,gbaystinghd@w3.org,M,United States,79883.66,2024-08-15
627,Ashleigh,Dominiak,adominiakhe@geocities.jp,F,Brazil,80892.41,2009-12-18
628,Sterne,Prazor,sprazorhf@vkontakte.ru,M,United Kingdom,31480.49,2008-11-02
629,Oren,Peascod,opeascodhg@berkeley.edu,M,France,58602.66,2022-08-16
630,Fransisco,Wickersley,fwickersleyhh@lycos.com,M,Brazil,20588.42,2004-06-11
631,Allianora,Hasell,ahasellhi@weather.com,F,South Korea,70485.41,2004-03-21
632,Abran,Laviss,alavisshj@foxnews.com,M,Poland,22628.65,2010-10-16
633,Meagan,Crome,mcromehk@privacy.gov.au,F,Brazil,56326.18,2022-06-02
634,Annaliese,Pirot,apirothl@springer.com,F,Brazil,68522.86,2005-03-27
635,Pet,Thomasset,pthomassethm@jugem.jp,F,Argentina,25967.08,2004-12-13
636,Lowell,Delbergue,ldelberguehn@cisco.com,M,Brazil,32461.57,2020-01-19
637,Auberon,O'Brallaghan,aobrallaghanho@cnn.com,M,Argentina,22508.31,2003-08-23
638,Archibaldo,Wagenen,awagenenhp@addthis.com,M,Poland,33163.33,2020-01-03
639,Alyss,Arnhold,aarnholdhq@lycos.com,F,Poland,63376.66,2019-06-17
640,Oswald,Tucker,otuckerhr@narod.ru,M,Japan,42451.76,2017-06-04
641,Eberhard,Serrier,eserrierhs@so-net.ne.jp,M,Japan,91278.24,2009-06-01
642,Tomlin,Heeney,theeneyht@purevolume.com,M,United States,,2007-01-11
643,Nadia,Ingamells,ningamellshu@nifty.com,F,Argentina,30017.13,2013-10-11
644,Rosana,Kyston,rkystonhv@boston.com,F,South Korea,19148.44,2024-01-19
645,Michaella,Cary,mcaryhw@cpanel.net,F,South Korea,59035.55,2021-10-04
646,Baudoin,Boltwood,bboltwoodhx@storify.com,M,United States,68953.88,2014-09-05
647,Tobye,De Bruyn,tdebruynhy@wikimedia.org,F,United Kingdom,87368.97,2021-08-26
648,Cate,Haill,chaillhz@eepurl.com,F,Brazil,41837.04,2016-08-11
649,Talia,Upfold,tupfoldi0@wired.com,F,United States,68289.57,2003-02-08
650,Tommie,McCullouch,tmccullouchi1@usgs.gov,F,Canada,30194.3,2010-03-15
651,Carmela,Etchell,cetchelli2@ustream.tv,F,Canada,10608.1,2016-02-17
652,Sherwynd,Rykert,srykerti3@storify.com,M,Poland,58222.41,2014-09-08
653,Melody,Ferriere,mferrierei4@harvard.edu,F,Poland,19768.29,2019-09-02
654,Nicol,Kermit,nkermiti5@soundcloud.com,F,Argentina,63917.45,2004-03-01
655,Joe,Fergie,jfergiei6@army.mil,M,France,16248.25,2018-10-19
656,Dorene,Patterfield,dpatterfieldi7@desdev.cn,F,United States,56692.29,2005-09-23
657,Garwin,Huikerby,ghuikerbyi8@yahoo.com,M,South Korea,62859.31,2004-03-21
658,Lexy,Kighly,lkighlyi9@pen.io,F,Brazil,25129.34,2015-02-12
659,Hali,Bennett,hbennettia@harvard.edu,F,Poland,16686.82,2018-05-07
660,Ade,Dennistoun,adennistounib@boston.com,M,Poland,42180.01,2001-12-29
661,Jacques,Habishaw,jhabishawic@parallels.com,M,Egypt,78309.04,2011-05-16
662,Ruben,Tivnan,rtivnanid@google.co.uk,M,United States,84852.99,2002-09-01
663,Kailey,Jinks,kjinksie@alibaba.com,F,Japan,36779.89,2014-12-15
664,Andrea,Toffel,atoffelif@free.fr,F,South Africa,76164.08,2020-06-16
665,Nert,Jindrak,njindrakig@europa.eu,F,Brazil,90569.86,2022-11-24
666,Jacobo,Fahey,jfaheyih@about.com,M,United States,89448.7,2017-09-17
667,Annamarie,Sidney,asidneyii@hhs.gov,F,South Korea,73544.69,2004-03-22
668,Sarine,Thon,sthonij@free.fr,F,Brazil,13155.8,2020-08-10
669,Gussy,Smithen,gsmithenik@rakuten.co.jp,F,Japan,70672.42,2005-05-23
670,Ealasaid,Preator,epreatoril@disqus.com,F,France,35686.47,2022-07-22
671,Allyn,Chark,acharkim@photobucket.com,M,Poland,61186.03,2010-09-08
672,Francesca,Halversen,fhalversenin@epa.gov,F,Argentina,67923.2,2003-10-28
673,Lindsey,Rippon,lripponio@nsw.gov.au,M,United States,,2009-11-24
674,Lek,Slot,lslotip@bluehost.com,M,France,33319.71,2008-06-03
675,Leroy,Deavin,ldeaviniq@europa.eu,M,France,14660.02,2023-07-01
676,Herb,Alwood,halwoodir@free.fr,M,Brazil,43876.89,2002-06-16
677,Patience,Catherall,pcatherallis@shop-pro.jp,F,South Africa,84237.7,2006-11-14
678,Helaine,Trytsman,htrytsmanit@ftc.gov,F,Japan,14259.53,2018-12-13
679,Vivien,O'Tierney,votierneyiu@tamu.edu,F,Poland,19585.81,2012-02-09
680,Collin,Cast,ccastiv@addthis.com,M,United States,67004.07,2023-03-09
681,Malorie,Brisset,mbrissetiw@blog.com,F,United States,68695.14,2019-09-05
682,Ralina,Stoller,rstollerix@prweb.com,F,Poland,57662.94,
683,Cherlyn,Allen,calleniy@yellowbook.com,F,Brazil,41888.78,2016-09-21
684,Trista,Gluyas,tgluyasiz@noaa.gov,F,South Africa,86506.23,2011-05-04
685,Evvie,Eakins,eeakinsj0@behance.net,F,Japan,84187.12,2006-04-30
686,Brennan,Mountjoy,bmountjoyj1@sfgate.com,M,Brazil,43999.23,2024-10-12
687,Marlowe,Bouchier,mbouchierj2@blogs.com,M,Japan,47320.64,2004-11-19
688,Hynda,Asman,hasmanj3@gnu.org,F,United States,77762.61,2021-03-08
689,Lexie,Baglan,lbaglanj4@domainmarket.com,F,South Africa,64193.29,2006-02-03
690,Chandra,Dearness,cdearnessj5@usda.gov,F,France,40673.59,2006-04-08
691,Amye,Bittany,abittanyj6@archive.org,F,Poland,29518.19,2009-08-21
692,Angelita,Lodge,alodgej7@webeden.co.uk,F,United States,16037.31,2007-03-08
693,Ardisj,Dunston,adunstonj8@unicef.org,F,Poland,59699.53,2002-01-15
694,Karney,Adshed,kadshedj9@webmd.com,M,Poland,16342.16,2011-08-15
695,Niven,Gwilliams,ngwilliamsja@cocolog-nifty.com,M,Brazil,25468.51,2002-04-25
696,Karil,McCurry,kmccurryjb@pcworld.com,F,United Kingdom,45318.18,2015-09-17
697,Justin,Paladino,jpaladinojc@state.tx.us,M,Poland,79224.21,2005-01-20
698,Corliss,Ewells,,F,Japan,14287.46,2020-08-19
699,Cooper,Gerrett,,M,United Kingdom,16175.4,2006-08-11
700,Georgine,Rhodus,grhodusjf@ucsd.edu,F,South Africa,49057.78,2021-09-03
701,Kaitlin,Lotherington,klotheringtonjg@discovery.com,F,Poland,10540.23,2006-11-24
702,Aurie,Josefsen,ajosefsenjh@ebay.com,F,United States,40130.67,2006-10-03
703,Osmond,Larmet,olarmetji@diigo.com,M,South Africa,82952.65,2023-05-05
704,Marge,Asprey,maspreyjj@amazon.co.jp,F,Denmark,41656.12,2005-03-02
705,Robin,Yglesia,ryglesiajk@uiuc.edu,M,Poland,55695.5,2016-02-04
706,Kipper,Marchand,kmarchandjl@shareasale.com,M,Poland,67103.97,2012-07-22
707,Terrence,Lindfors,tlindforsjm@cafepress.com,M,Argentina,19874.98,2017-03-15
708,Emeline,Tomsu,etomsujn@engadget.com,F,Poland,10545.75,2020-02-22
709,Sayre,Winscom,swinscomjo@icio.us,F,Poland,25312.83,2012-04-23
710,Bryon,Malim,bmalimjp@taobao.com,M,Poland,42244.69,2014-05-24
711,Kristin,Harkness,kharknessjq@utexas.edu,F,Brazil,22353.92,2023-08-03
712,Kippy,Parsell,kparselljr@yahoo.co.jp,F,United States,28244.91,2024-03-16
713,Mendy,Fullegar,mfullegarjs@who.int,M,Poland,46010.84,2017-08-12
714,Dimitry,Bridges,dbridgesjt@gnu.org,M,France,79268.82,2014-11-23
715,Christoph,Schwandermann,cschwandermannju@imdb.com,M,France,19884.28,2022-12-19
716,Aurore,MacAirt,amacairtjv@webs.com,F,Brazil,59738.61,2009-04-13
717,Marlie,Cable,mcablejw@histats.com,F,United States,74548.67,2003-02-07
718,Petrina,De Carteret,pdecarteretjx@bizjournals.com,F,France,84672.69,2001-12-10
719,Zach,Lideard,zlideardjy@histats.com,M,France,72746.94,2024-11-10
720,Ulla,Filippone,ufilipponejz@hatena.ne.jp,F,Brazil,19631.88,2004-03-22
721,Garrett,Mapam,gmapamk0@theglobeandmail.com,M,Canada,35292.39,2006-12-31
722,Nydia,Hinckesman,nhinckesmank1@fc2.com,F,Brazil,21646.34,2024-08-29
723,Stephen,Darrow,sdarrowk2@ebay.com,M,Brazil,46641.95,2007-09-11
724,Keenan,Halbord,khalbordk3@stanford.edu,M,Poland,47752.76,2004-03-10
725,Ivor,Antley,iantleyk4@tumblr.com,M,Brazil,10742.8,2015-02-27
726,Renault,Cull,rcullk5@ibm.com,M,Poland,88578.25,2014-05-02
727,Alberta,Garahan,agarahank6@wunderground.com,F,Poland,60362.29,2021-08-29
728,Merrily,Shaudfurth,mshaudfurthk7@sbwire.com,F,Poland,31922.73,2013-10-28
729,Percy,Genike,pgenikek8@cnn.com,M,United States,20797.37,2002-01-29
730,Perkin,Vise,pvisek9@storify.com,M,United States,72732.2,2006-05-11
731,Basile,Macewan,bmacewanka@smh.com.au,M,Brazil,55218.44,2008-12-22
732,Ertha,Broadwell,ebroadwellkb@nih.gov,F,Japan,79556.79,2014-04-07
733,Reynold,Alliston,rallistonkc@hao123.com,M,Canada,91025.68,2009-03-03
734,Stacie,Jovis,sjoviskd@pen.io,F,France,20284.68,2023-03-26
735,Kate,Wickerson,kwickersonke@theguardian.com,F,France,81784.95,2024-02-19
736,Emmeline,Hellmore,ehellmorekf@tumblr.com,F,France,82096.23,2019-10-17
737,Joletta,Jancic,jjancickg@sciencedaily.com,F,France,57165.17,2007-01-19
738,Mariana,Lamar,mlamarkh@mtv.com,F,Brazil,33224.28,2005-05-29
739,Layney,Gregol,lgregolki@abc.net.au,F,United States,87100.24,2010-11-24
740,Averell,Gethins,agethinskj@ed.gov,M,Argentina,86156.44,2018-05-23
741,Georgeanna,Critchley,gcritchleykk@issuu.com,F,Brazil,77070.02,2007-05-06
742,Bill,Smittoune,bsmittounekl@com.com,F,Germany,57925.43,2013-02-22
743,Ninnetta,Guppie,nguppiekm@mashable.com,F,Argentina,35338.91,2021-07-17
744,Gale,Steger,gstegerkn@oaic.gov.au,F,Japan,22122.55,2017-08-03
745,Katey,Morman,kmormanko@vimeo.com,F,Poland,55483.78,2019-10-17
746,Blake,Newitt,bnewittkp@techcrunch.com,F,Canada,53370.07,2012-02-29
747,Andrea,O'Shevlin,aoshevlinkq@admin.ch,F,Japan,60471.31,2003-12-01
748,Aubine,Heintz,aheintzkr@examiner.com,F,United States,84049.56,2011-07-21
749,Virgil,Anthonies,vanthoniesks@reddit.com,M,France,,2010-03-28
750,Chilton,Quinby,cquinbykt@com.com,M,Canada,77133.89,2011-10-30
751,Arlen,Spillard,aspillardku@time.com,F,Japan,54601.15,2017-07-16
752,Barron,Padmore,bpadmorekv@t.co,M,Poland,58761.1,2004-08-10
753,Lexis,Helsby,lhelsbykw@bing.com,F,Canada,50507.67,2003-05-20
754,Sileas,Pymer,spymerkx@latimes.com,F,United States,18740.54,
755,Ivett,Spearett,ispearettky@qq.com,F,Brazil,44218.85,2003-05-08
756,Maje,Christer,mchristerkz@qq.com,M,Poland,41149.9,2019-04-14
757,Danya,Hatchman,dhatchmanl0@loc.gov,M,Finland,38459.84,2024-03-24
758,Angelo,Hincks,ahincksl1@timesonline.co.uk,M,Poland,41443.55,2008-02-23
759,Yvette,Broadbridge,ybroadbridgel2@princeton.edu,F,Japan,14949.1,2005-05-27
760,Farrell,Feenan,ffeenanl3@harvard.edu,M,Ghana,49330.27,2004-07-20
761,Alta,Mather,amatherl4@google.es,F,Brazil,58895.2,2010-02-01
762,Kelcey,Forrestor,kforrestorl5@sohu.com,F,United States,73905.84,2012-07-31
763,Sarge,Hooban,shoobanl6@live.com,M,Brazil,29585.83,2004-01-23
764,Westbrook,O' Hern,wohernl7@google.com.au,M,Finland,43897.54,2023-08-27
765,Tillie,Kuna,tkunal8@cpanel.net,F,France,37556.78,2018-07-14
766,Francklyn,Rathe,frathel9@economist.com,M,South Africa,81004.19,2010-02-18
767,Alice,Brownsea,abrownseala@smugmug.com,F,France,74867.06,2017-12-26
768,Stesha,Grisedale,sgrisedalelb@arizona.edu,F,Brazil,11933.88,2012-05-17
769,Tobias,Snartt,tsnarttlc@miitbeian.gov.cn,M,Finland,14787.21,2008-04-13
770,Cornelle,Trafford,ctraffordld@census.gov,F,Brazil,57102.73,2016-07-15
771,Lira,Cudiff,lcudiffle@godaddy.com,F,United States,11024.74,2002-09-11
772,Pepe,McKintosh,pmckintoshlf@arstechnica.com,M,Poland,50725.06,2011-11-27
773,Ignatius,Milley,imilleylg@tiny.cc,M,United States,56589.39,2008-08-16
774,Bud,Huelin,bhuelinlh@gizmodo.com,M,Argentina,16810.51,2006-06-27
775,Gaby,Fitzroy,gfitzroyli@bluehost.com,M,Brazil,60809.36,2017-10-08
776,Kathlin,Mithon,kmithonlj@mit.edu,F,Finland,37085.27,2023-06-01
777,Anstice,Ashton,aashtonlk@shinystat.com,F,Norway,74546.68,2022-12-29
778,Malcolm,Swann,mswannll@google.ru,M,Poland,24814.11,2015-09-23
779,Tomlin,Carnoghan,tcarnoghanlm@stanford.edu,M,Finland,14401.0,2006-04-15
780,Clarice,Bachelor,cbachelorln@yellowpages.com,F,United States,34638.49,2012-05-20
781,Goddard,Maden,,M,Poland,72443.17,2020-01-30
782,Drud,Graveney,dgraveneylp@cnn.com,M,Canada,52196.03,2006-02-01
783,Kellia,Thynne,kthynnelq@360.cn,F,France,61034.47,2006-04-10
784,Garwood,Isacsson,gisacssonlr@amazon.co.uk,M,United Kingdom,16552.2,2008-01-14
785,Idaline,Hanselmann,ihanselmannls@theguardian.com,F,Brazil,53874.65,2011-08-28
786,Frederico,Fonquernie,ffonquernielt@usatoday.com,M,United States,12641.04,2008-03-21
787,Feliza,Shoulders,fshoulderslu@state.gov,F,Canada,21484.66,2008-05-27
788,Chalmers,Caro,ccarolv@intel.com,M,Argentina,79284.88,2007-04-05
789,Carina,Le Blond,cleblondlw@craigslist.org,F,South Africa,74293.69,2002-03-23
790,Barty,D'Ambrosio,bdambrosiolx@gnu.org,M,United States,46071.9,2010-02-21
791,Hally,Fakes,hfakesly@meetup.com,F,Poland,48300.0,2019-04-08
792,Ingeberg,Prevett,iprevettlz@yandex.ru,F,Argentina,41176.7,2007-04-26
793,Irene,Bleddon,ibleddonm0@cnn.com,F,Poland,59888.28,2014-08-07
794,Gigi,Patry,gpatrym1@plala.or.jp,F,United States,34307.19,2006-11-11
795,Hanni,Truder,htruderm2@domainmarket.com,F,Japan,56306.42,2019-07-08
796,Russ,McCaskill,rmccaskillm3@paginegialle.it,M,France,49146.33,2008-10-02
797,Percival,Gudgin,pgudginm4@upenn.edu,M,United States,20769.88,2022-08-25
798,Kathrine,Lage,klagem5@google.com.hk,F,Japan,83379.95,2021-12-18
799,Doralyn,Steen,dsteenm6@pagesperso-orange.fr,F,United States,15287.77,2023-04-18
800,Joyce,Oggers,joggersm7@discovery.com,F,United States,17076.8,2011-11-05
801,Guilbert,Siddens,gsiddensm8@blogger.com,M,United States,20878.53,2007-06-02
802,Adlai,Bollans,abollansm9@mapquest.com,M,Japan,73743.24,2003-12-09
803,Fergus,Mancer,fmancerma@sbwire.com,M,United States,83800.52,2023-12-21
804,Trudi,Serjeant,tserjeantmb@tiny.cc,F,Japan,22203.13,2002-05-19
805,Lorene,Bysh,lbyshmc@china.com.cn,F,South Africa,66717.5,2009-03-09
806,Meir,Alman,malmanmd@about.me,M,Argentina,10067.88,2012-02-14
807,Corey,Frunks,cfrunksme@stumbleupon.com,F,France,61900.0,2015-11-23
808,Alwyn,Roscrigg,aroscriggmf@gizmodo.com,M,Canada,46699.88,2008-12-10
809,Trula,Bilby,tbilbymg@dedecms.com,F,South Africa,88838.17,2024-10-05
810,Torrence,Gillmor,tgillmormh@businessweek.com,M,Poland,89591.84,2015-11-12
811,Laney,Nother,lnothermi@nhs.uk,M,Brazil,33755.28,2022-03-03
812,Dana,Alecock,dalecockmj@cmu.edu,F,Brazil,47391.61,2006-05-12
813,Fiann,Ivatts,fivattsmk@mlb.com,F,Brazil,59741.98,2005-01-27
814,Gael,Ofield,gofieldml@cnbc.com,F,Japan,57398.78,2005-05-06
815,Jorie,Brockhurst,jbrockhurstmm@noaa.gov,F,Poland,13374.78,2009-08-26
816,August,Pozzi,apozzimn@infoseek.co.jp,M,Brazil,90528.67,
817,Devi,Gresswell,dgresswellmo@drupal.org,F,Brazil,17001.13,2006-09-17
818,Ed,Besset,ebessetmp@census.gov,M,Brazil,21015.31,2009-11-19
819,Shepperd,Critchlow,scritchlowmq@epa.gov,M,Norway,10546.78,2019-07-05
820,Tiphany,Seligson,tseligsonmr@blogspot.com,F,United States,63743.51,2013-06-15
821,Herminia,Keedy,hkeedyms@epa.gov,F,Poland,73787.77,2020-02-18
822,Laurette,Dearing,ldearingmt@jugem.jp,F,Japan,52375.03,2005-10-08
823,Udell,Portch,uportchmu@indiegogo.com,M,United States,,2008-06-24
824,Julius,Kleiner,jkleinermv@usda.gov,M,France,65250.61,2006-06-28
825,Gabriele,Giroldi,ggiroldimw@reddit.com,M,France,32969.59,2005-01-25
826,Frazier,Dyble,fdyblemx@goodreads.com,M,United States,38771.86,2024-05-11
827,Luz,Faudrie,lfaudriemy@simplemachines.org,F,Argentina,23691.7,2017-04-25
828,Esma,Elan,eelanmz@etsy.com,F,Brazil,91315.12,2014-07-17
829,Desi,Elph,delphn0@ibm.com,M,Japan,36341.14,2004-03-23
830,Sheffy,Quiddington,squiddingtonn1@wordpress.org,M,France,24105.8,2011-09-23
831,Leonardo,Philipsson,lphilipssonn2@xrea.com,M,Japan,82615.25,
832,Wilbur,Tuplin,wtuplinn3@mail.ru,M,Brazil,73093.82,2009-08-09
833,Carl,Woolam,cwoolamn4@msn.com,M,Poland,66124.29,2004-07-27
834,Jeanie,Dungate,jdungaten5@bluehost.com,F,France,24452.72,2004-12-28
835,Fairfax,Morhall,fmorhalln6@google.cn,M,Japan,52167.47,2018-07-08
836,Ellerey,Fitzsimon,efitzsimonn7@jigsy.com,M,France,81355.59,
837,Nikolas,Ollenbuttel,nollenbutteln8@google.de,M,Poland,79202.36,2012-09-09
838,Estevan,Bigrigg,ebigriggn9@google.co.uk,M,Brazil,54682.51,2023-04-15
839,Kale,Treadaway,ktreadawayna@behance.net,M,France,71759.67,2013-02-25
840,Petrina,Marshalleck,pmarshallecknb@ucoz.ru,F,Brazil,89747.73,2022-07-28
841,Kathryne,Gauler,kgaulernc@cnn.com,F,South Africa,74298.23,2010-07-16
842,Dene,Pleat,dpleatnd@eepurl.com,M,Canada,89988.48,2022-12-22
843,Cullin,Follin,cfollinne@jugem.jp,M,Canada,82971.49,2013-04-03
844,Tamiko,Rous,trousnf@wikipedia.org,F,Switzerland,19301.8,2002-07-14
845,Clarette,Turbitt,cturbittng@vkontakte.ru,F,Brazil,35317.8,2002-01-15
846,Dore,Kippen,dkippennh@slideshare.net,M,United States,36445.73,2013-08-14
847,Augie,Greenslade,agreensladeni@163.com,M,Brazil,43454.9,2005-02-11
848,Lily,Imlin,limlinnj@jalbum.net,F,Brazil,66859.41,2011-07-15
849,Graham,Frugier,gfrugiernk@yahoo.com,M,France,84079.6,2003-06-17
850,Andrea,Coldbath,acoldbathnl@slashdot.org,M,United States,,2004-11-16
851,Darby,Waymont,dwaymontnm@wikispaces.com,F,United States,10552.56,2017-05-16
852,Nappie,Macourek,nmacoureknn@blogger.com,M,France,74524.21,2004-10-17
853,Harris,Verbruggen,hverbruggenno@boston.com,M,Canada,80689.35,2005-08-29
854,Laverna,O'Geneay,logeneaynp@list-manage.com,F,Argentina,91909.08,2013-07-13
855,Ardyce,Kuhnert,akuhnertnq@smugmug.com,F,Australia,38191.53,2011-07-31
856,Ingmar,Janz,ijanznr@desdev.cn,M,Argentina,48778.9,2023-05-31
857,Warden,Simonutti,wsimonuttins@mozilla.com,M,United States,37154.45,2009-07-07
858,Godfree,Brogiotti,gbrogiottint@g.co,M,Brazil,59705.47,2018-01-18
859,Althea,Dellenbroker,adellenbrokernu@dell.com,F,Brazil,60644.18,2002-08-17
860,Zack,Crus,zcrusnv@dell.com,M,Poland,26034.28,2010-09-09
861,Bone,Du Hamel,bduhamelnw@cocolog-nifty.com,M,Brazil,23636.9,2016-07-06
862,Randene,Aartsen,raartsennx@prweb.com,F,Argentina,21960.32,2008-12-07
863,Rhona,Glyssanne,rglyssanneny@infoseek.co.jp,F,Brazil,61224.88,2019-04-07
864,Bastian,Hurt,bhurtnz@cbc.ca,M,United States,79531.46,2003-06-03
865,Germayne,Bithany,gbithanyo0@odnoklassniki.ru,M,France,25063.39,2014-09-25
866,Tiler,Jamrowicz,tjamrowiczo1@so-net.ne.jp,M,United Kingdom,68219.31,2014-08-03
867,Steve,Thoumas,sthoumaso2@state.gov,M,United States,30107.8,2013-06-13
868,Nigel,Lathy,nlathyo3@addthis.com,M,France,83169.59,2006-08-30
869,Noel,Zanioletti,nzaniolettio4@rediff.com,F,Canada,57136.67,2022-09-07
870,Simon,Hullett,shulletto5@goodreads.com,M,France,50228.9,2015-07-13
871,Haskel,Hindhaugh,hhindhaugho6@mashable.com,M,Finland,62955.25,2022-06-29
872,Bartholomeo,Sponder,bspondero7@amazon.com,M,France,62582.23,2023-09-18
873,Jodie,Rossbrook,jrossbrooko8@geocities.com,M,Argentina,41927.55,2017-11-13
874,Hansiain,Frankel,hfrankelo9@oracle.com,M,United States,41247.76,2005-12-03
875,Weylin,Kerr,wkerroa@skyrock.com,M,United States,52698.6,2017-08-19
876,Fraze,Cankett,fcankettob@wikipedia.org,M,Poland,65358.58,2021-12-09
877,Bliss,Branford,bbranfordoc@usda.gov,F,United States,28491.54,2004-06-26
878,Sandy,Feldbau,sfeldbauod@noaa.gov,F,United States,39423.38,2017-11-30
879,Pall,Elham,pelhamoe@toplist.cz,M,France,73469.99,2017-04-24
880,Aloin,De Gregario,adegregarioof@ox.ac.uk,M,United States,63491.16,2007-12-22
881,Milton,Kreuzer,mkreuzerog@youtube.com,M,Poland,51742.22,2004-12-11
882,Bruno,Wellen,bwellenoh@earthlink.net,M,Brazil,39439.83,2020-10-12
883,Aubine,Grogona,agrogonaoi@china.com.cn,F,France,49019.5,2004-09-27
884,Concordia,Bodle,cbodleoj@trellian.com,F,Australia,73264.12,2010-05-11
885,Josias,Stranaghan,jstranaghanok@phpbb.com,M,United Kingdom,31376.59,2015-06-09
886,Elisha,North,enorthol@zdnet.com,M,Brazil,,2013-04-28
887,Kinnie,Clapton,kclaptonom@scientificamerican.com,M,Japan,47718.4,2017-08-22
888,Amandy,O'Fogerty,aofogertyon@oaic.gov.au,F,Argentina,13770.74,2008-01-14
889,Ephrayim,Ruoff,eruoffoo@google.com.hk,M,Canada,44282.38,2022-12-14
890,Joelly,Gribbon,jgribbonop@abc.net.au,F,France,23754.47,2022-06-30
891,Ardys,Rays,araysoq@mapquest.com,F,Finland,12572.36,2016-08-25
892,Edouard,Thomel,,M,Japan,69646.76,2008-05-21
893,Devi,Wrathmell,dwrathmellos@studiopress.com,F,United States,59335.87,2016-10-03
894,Katheryn,Cretney,kcretneyot@techcrunch.com,F,South Korea,12987.6,2009-02-27
895,Stearne,Anthonsen,santhonsenou@mysql.com,M,France,,2023-09-28
896,Verge,Restorick,vrestorickov@zimbio.com,M,France,17763.18,2022-03-27
897,Mikol,Huffa,mhuffaow@bluehost.com,M,Brazil,46434.55,2020-02-22
898,Aurilia,Caskie,acaskieox@berkeley.edu,F,Poland,70539.11,2013-02-23
899,Mufinella,Shevelin,mshevelinoy@va.gov,F,France,46042.94,2017-05-31
900,Shelby,Cicculini,scicculinioz@house.gov,F,Argentina,31157.1,2023-03-06
901,Alec,Donke,adonkep0@miitbeian.gov.cn,M,Brazil,30409.4,2020-12-26
902,Cyril,Godar,cgodarp1@un.org,M,Finland,30897.64,2016-03-27
903,Alick,Millwater,amillwaterp2@flavors.me,M,South Africa,80360.86,2022-05-20
904,Petronia,Yeates,pyeatesp3@mlb.com,F,Poland,32347.6,2002-10-01
905,Tatiana,MacGahey,tmacgaheyp4@livejournal.com,F,Brazil,21229.37,2004-05-01
906,Ham,Marques,hmarquesp5@hatena.ne.jp,M,France,30944.91,2010-02-25
907,Jorgan,Benettini,jbenettinip6@elpais.com,M,Poland,39549.77,2002-02-02
908,Henderson,Patkin,hpatkinp7@vkontakte.ru,M,United States,72896.67,2022-07-17
909,Sander,McShea,smcsheap8@yale.edu,M,Japan,44832.71,2009-08-01
910,Emmott,Bare,ebarep9@soundcloud.com,M,Poland,53363.16,2003-10-13
911,Hester,Collomosse,hcollomossepa@deliciousdays.com,F,Finland,40251.79,2011-10-12
912,Bev,Calafate,bcalafatepb@weebly.com,M,Poland,25272.98,2020-05-26
913,Yardley,Whiteford,ywhitefordpc@acquirethisname.com,M,United States,77524.15,2009-12-02
914,Miriam,Courtois,mcourtoispd@symantec.com,F,Brazil,25343.13,2013-12-04
915,Eustace,Swyn,eswynpe@behance.net,M,United States,62662.25,2002-12-24
916,Fairfax,Foggarty,ffoggartypf@ibm.com,M,Argentina,56988.91,2020-10-01
917,Retha,Kos,rkospg@soundcloud.com,F,Poland,64523.74,2002-09-07
918,Bary,Seedhouse,bseedhouseph@google.ru,M,Brazil,44828.1,2018-01-29
919,Mirna,Semrad,msemradpi@bandcamp.com,F,Poland,24953.39,2020-11-11
920,Odele,Mangion,omangionpj@livejournal.com,F,United States,43779.84,2020-10-07
921,Josephine,Cream,jcreampk@fema.gov,F,Brazil,60404.4,2019-06-12
922,Shamus,Danser,sdanserpl@wunderground.com,M,United States,69921.56,2024-11-08
923,Ronni,Stoves,rstovespm@wisc.edu,F,Finland,48176.94,2023-11-01
924,Marlowe,Westcott,mwestcottpn@amazon.de,M,Canada,31074.74,2005-09-02
925,Aurelia,Defew,adefewpo@qq.com,F,Brazil,77230.13,2002-03-17
926,Shannon,Durling,sdurlingpp@shareasale.com,F,Poland,47122.76,2013-10-25
927,Dionysus,Cristofori,dcristoforipq@t-online.de,M,Poland,34740.7,2019-10-26
928,Julie,McCritchie,jmccritchiepr@toplist.cz,F,Finland,22498.12,2008-09-01
929,Corney,Chichgar,cchichgarps@taobao.com,M,Brazil,52769.12,2020-12-23
930,Travis,Stebbings,tstebbingspt@jalbum.net,M,Finland,75147.43,2020-10-23
931,Clarance,Wedlock,cwedlockpu@webmd.com,M,Finland,35739.66,2012-10-16
932,Filbert,Slobom,fslobompv@aol.com,M,Poland,62136.05,
933,Gun,Van der Kruys,gvanderkruyspw@ycombinator.com,M,Brazil,35589.38,2013-11-21
934,Benni,Barrus,bbarruspx@dagondesign.com,F,Denmark,31072.85,2002-10-20
935,Vilhelmina,Boutcher,vboutcherpy@sourceforge.net,F,Brazil,30464.38,2004-10-07
936,Warren,Cranmore,wcranmorepz@netlog.com,M,France,76084.41,2013-04-02
937,Gabbie,Macias,gmaciasq0@spotify.com,F,Poland,16380.28,2023-12-20
938,Dino,Raiston,draistonq1@mac.com,M,Poland,58697.34,2013-09-30
939,Margy,O'Crowley,mocrowleyq2@zimbio.com,F,Argentina,71168.59,2003-02-16
940,Cristina,Scolts,cscoltsq3@nature.com,F,France,58379.85,
941,Olivero,Zmitrovich,ozmitrovichq4@simplemachines.org,M,Japan,27994.83,2022-11-19
942,Shanan,Piesold,spiesoldq5@stumbleupon.com,M,United States,22054.61,2016-11-09
943,Kata,Stukings,kstukingsq6@is.gd,F,France,69919.89,2016-12-11
944,Ozzy,Videler,ovidelerq7@hc360.com,M,Poland,69224.63,2014-09-01
945,Alia,Park,aparkq8@wordpress.org,F,United States,19520.15,2013-12-06
946,Ailbert,Oby,aobyq9@accuweather.com,M,South Korea,20770.56,2017-12-12
947,Goran,MacGaughie,gmacgaughieqa@ucoz.ru,M,Poland,26021.94,2004-07-16
948,Vevay,Simnett,vsimnettqb@ucla.edu,F,Poland,63042.97,2009-09-04
949,Susann,Phil,sphilqc@squarespace.com,F,Poland,49938.29,2010-07-01
950,Harrie,Jammes,hjammesqd@hud.gov,F,United States,65736.46,2012-11-21
951,Derek,Polden,dpoldenqe@youtube.com,M,Japan,38269.68,2019-05-14
952,Hadleigh,Kornilov,hkornilovqf@wikipedia.org,M,United States,11969.4,2003-07-26
953,Erena,Savege,esavegeqg@google.de,F,Japan,36737.06,2023-10-13
954,Zea,Gravey,zgraveyqh@plala.or.jp,F,Japan,25587.94,2024-02-16
955,Fanchette,Rignall,frignallqi@mit.edu,F,Canada,67257.85,2024-07-18
956,Vanessa,Kibblewhite,vkibblewhiteqj@e-recht24.de,F,Norway,75057.02,2010-11-03
957,Durante,Edgehill,dedgehillqk@pen.io,M,France,41891.31,2013-01-18
958,Horton,Closs,hclossql@mayoclinic.com,M,South Africa,90986.06,2024-07-06
959,Daphene,Aimer,daimerqm@bloomberg.com,F,Brazil,55735.06,2012-12-05
960,Tedd,Brookhouse,tbrookhouseqn@walmart.com,M,France,76198.28,2016-02-20
961,Anselma,Bikker,abikkerqo@tuttocitta.it,F,Ghana,19428.62,2015-11-07
962,Sonnie,Hoy,shoyqp@businesswire.com,F,Argentina,40687.14,2008-05-07
963,Brigit,Jago,bjagoqq@alexa.com,F,Brazil,28665.04,2019-05-30
964,Desmund,Valencia,dvalenciaqr@alexa.com,M,Poland,80555.59,2002-09-10
965,Katrinka,Babbe,kbabbeqs@oakley.com,F,United States,10223.51,2014-11-17
966,Alejandra,Addeycott,aaddeycottqt@thetimes.co.uk,F,United States,90736.96,2021-12-01
967,Byrle,Tewelson,btewelsonqu@cnet.com,M,Poland,52561.8,2015-03-09
968,Starr,Olman,solmanqv@domainmarket.com,F,France,22206.21,2012-03-26
969,Joshuah,Deakes,jdeakesqw@deliciousdays.com,M,South Africa,63529.76,2019-02-07
970,Tudor,Gatherell,tgatherellqx@webs.com,M,Brazil,79385.92,2005-02-28
971,Demetris,Loton,dlotonqy@sphinn.com,F,United States,74350.73,2023-07-30
972,Matt,Sheahan,msheahanqz@abc.net.au,M,Brazil,84675.92,2006-05-28
973,Osbourne,Hansill,ohansillr0@issuu.com,M,Poland,82495.11,2023-10-15
974,Mattias,Addekin,maddekinr1@prlog.org,M,Poland,18185.14,2020-02-10
975,Giacomo,M'Chirrie,,M,Brazil,13073.27,2020-06-02
976,Rik,D'Agostini,rdagostinir3@clickbank.net,M,Poland,21869.91,2008-10-16
977,Stephannie,Neath,sneathr4@myspace.com,F,United States,65311.45,2015-05-21
978,Benji,Cervantes,bcervantesr5@a8.net,M,Argentina,15258.07,2011-08-25
979,Orelee,Heaker,oheakerr6@cbslocal.com,F,South Korea,12798.48,2011-12-10
980,Deb,Goulbourn,dgoulbournr7@surveymonkey.com,F,Poland,29794.41,2022-03-12
981,Harwilll,Fleet,hfleetr8@sfgate.com,M,Canada,51425.42,2011-06-05
982,Tommy,Bronot,tbronotr9@jimdo.com,M,Brazil,29317.78,2004-01-17
983,Nike,Rosenbush,nrosenbushra@gov.uk,F,Poland,37512.59,2014-05-25
984,Giovanni,McCart,gmccartrb@amazon.com,M,United States,83654.47,2007-02-23
985,Jourdain,Merigon,jmerigonrc@gmpg.org,M,Poland,87980.96,2016-06-06
986,Berry,Blanchard,bblanchardrd@smh.com.au,F,United States,77406.03,2012-05-10
987,Thayne,Beceril,tbecerilre@tripod.com,M,Poland,51064.37,2003-05-13
988,Abbot,Blindmann,ablindmannrf@npr.org,M,Poland,45893.13,2017-05-06
989,Frederic,Hockey,fhockeyrg@usnews.com,M,United States,15543.83,2020-05-14
990,Joan,Bengefield,jbengefieldrh@last.fm,F,Canada,13174.94,2009-11-05
991,Tiphani,Downton,tdowntonri@surveymonkey.com,F,Japan,12983.5,2005-02-12
992,Jerrie,Vogel,jvogelrj@freewebs.com,M,United States,86767.87,2023-12-28
993,Ranique,Radloff,rradloffrk@springer.com,F,Japan,76838.31,2008-08-10
994,Valentia,Firbank,vfirbankrl@nps.gov,F,Poland,60598.63,2008-11-12
995,Larina,Gabler,lgablerrm@free.fr,F,France,91024.01,2017-01-08
996,Shayne,Kennealy,skennealyrn@ftc.gov,M,United States,62424.65,2005-02-27
997,Torrey,Vass,tvassro@dagondesign.com,M,Argentina,10154.28,2003-12-04
998,Fenelia,Scaysbrook,fscaysbrookrp@altervista.org,F,Poland,51663.3,2018-11-02
999,Jessika,Adlard,jadlardrq@abc.net.au,F,Poland,50300.13,2002-02-28
1000,Megan,Cobbledick,mcobbledickrr@delicious.com,F,Brazil,37513.88,2008-11-22
